2026-05-14 10:29:26 [INFO] c.retailmind.RetailmindApplication - Starting RetailmindApplication using Java 25.0.3 with PID 45928 (C:\Users\ASUS\Documents\UTEQ\6 SEMESTRE\Construccion de software\1M6DatosCS\retailmind-backend\target\classes started by ASUS in C:\Users\ASUS\Documents\UTEQ\6 SEMESTRE\Construccion de software\1M6DatosCS\retailmind-backend)
2026-05-14 10:29:26 [INFO] c.retailmind.RetailmindApplication - No active profile set, falling back to 1 default profile: "default"
2026-05-14 10:29:27 [INFO] o.s.d.r.c.RepositoryConfigurationDelegate - Bootstrapping Spring Data JPA repositories in DEFAULT mode.
2026-05-14 10:29:27 [INFO] o.s.d.r.c.RepositoryConfigurationDelegate - Finished Spring Data repository scanning in 58 ms. Found 14 JPA repository interfaces.
2026-05-14 10:29:27 [INFO] o.s.b.w.e.tomcat.TomcatWebServer - Tomcat initialized with port 8080 (http)
2026-05-14 10:29:27 [INFO] o.a.catalina.core.StandardService - Starting service [Tomcat]
2026-05-14 10:29:27 [INFO] o.a.catalina.core.StandardEngine - Starting Servlet engine: [Apache Tomcat/10.1.20]
2026-05-14 10:29:27 [INFO] o.a.c.c.C.[Tomcat].[localhost].[/] - Initializing Spring embedded WebApplicationContext
2026-05-14 10:29:27 [INFO] o.s.b.w.s.c.ServletWebServerApplicationContext - Root WebApplicationContext: initialization completed in 890 ms
2026-05-14 10:29:27 [INFO] com.zaxxer.hikari.HikariDataSource - HikariPool-1 - Starting...
2026-05-14 10:29:27 [INFO] com.zaxxer.hikari.pool.HikariPool - HikariPool-1 - Added connection org.postgresql.jdbc.PgConnection@2e43c38d
2026-05-14 10:29:27 [INFO] com.zaxxer.hikari.HikariDataSource - HikariPool-1 - Start completed.
2026-05-14 10:29:27 [INFO] o.h.jpa.internal.util.LogHelper - HHH000204: Processing PersistenceUnitInfo [name: default]
2026-05-14 10:29:27 [INFO] org.hibernate.Version - HHH000412: Hibernate ORM core version 6.4.4.Final
2026-05-14 10:29:27 [INFO] o.h.c.i.RegionFactoryInitiator - HHH000026: Second-level cache disabled
2026-05-14 10:29:28 [INFO] o.s.o.j.p.SpringPersistenceUnitInfo - No LoadTimeWeaver setup: ignoring JPA class transformer
2026-05-14 10:29:28 [WARN] org.hibernate.orm.deprecation - HHH90000025: PostgreSQLDialect does not need to be specified explicitly using 'hibernate.dialect' (remove the property setting and it will be selected by default)
2026-05-14 10:29:28 [INFO] o.h.e.t.j.p.i.JtaPlatformInitiator - HHH000489: No JTA platform available (set 'hibernate.transaction.jta.platform' to enable JTA platform integration)
2026-05-14 10:29:28 [INFO] o.s.o.j.LocalContainerEntityManagerFactoryBean - Initialized JPA EntityManagerFactory for persistence unit 'default'
2026-05-14 10:29:29 [INFO] o.s.d.j.r.query.QueryEnhancerFactory - Hibernate is in classpath; If applicable, HQL parser will be used.
2026-05-14 10:29:29 [INFO] o.s.s.web.DefaultSecurityFilterChain - Will secure any request with [org.springframework.security.web.session.DisableEncodeUrlFilter@70edffdb, org.springframework.security.web.context.request.async.WebAsyncManagerIntegrationFilter@3d8c499a, org.springframework.security.web.context.SecurityContextHolderFilter@2dc4b58a, org.springframework.security.web.header.HeaderWriterFilter@2162b22d, org.springframework.web.filter.CorsFilter@2b7e739, org.springframework.security.web.authentication.logout.LogoutFilter@4a842e8a, com.retailmind.security.JwtAuthenticationFilter@573f2e67, org.springframework.security.web.savedrequest.RequestCacheAwareFilter@352df548, org.springframework.security.web.servletapi.SecurityContextHolderAwareRequestFilter@45dc4d1a, org.springframework.security.web.authentication.AnonymousAuthenticationFilter@60e2b6e3, org.springframework.security.web.session.SessionManagementFilter@73534675, org.springframework.security.web.access.ExceptionTranslationFilter@204bd52d, org.springframework.security.web.access.intercept.AuthorizationFilter@3b8ec458]
2026-05-14 10:29:29 [INFO] o.s.b.w.e.tomcat.TomcatWebServer - Tomcat started on port 8080 (http) with context path ''
2026-05-14 10:29:29 [INFO] c.retailmind.RetailmindApplication - Started RetailmindApplication in 3.314 seconds (process running for 3.526)
2026-05-14 10:30:16 [INFO] o.a.c.c.C.[Tomcat].[localhost].[/] - Initializing Spring DispatcherServlet 'dispatcherServlet'
2026-05-14 10:30:16 [INFO] o.s.web.servlet.DispatcherServlet - Initializing Servlet 'dispatcherServlet'
2026-05-14 10:30:16 [INFO] o.s.web.servlet.DispatcherServlet - Completed initialization in 1 ms
2026-05-14 10:43:18 [INFO] c.r.c.InicializacionController - Verificando datos en ClickHouse
2026-05-14 10:43:20 [INFO] c.r.c.InicializacionController - Verificacion ClickHouse completado exitosamente (2s)
2026-05-14 10:44:08 [INFO] c.r.c.InicializacionController - Verificando datos en ClickHouse
2026-05-14 10:44:09 [INFO] c.r.c.InicializacionController - Verificacion ClickHouse completado exitosamente (1s)
2026-05-14 10:50:05 [INFO] c.r.c.InicializacionController - Iniciando carga completa (3 pasos)
2026-05-14 10:50:18 [ERROR] c.r.c.InicializacionController - Extraccion Pocketbase fallo con codigo 1 (13s)
2026-05-14 10:52:03 [INFO] o.s.o.j.LocalContainerEntityManagerFactoryBean - Closing JPA EntityManagerFactory for persistence unit 'default'
2026-05-14 10:52:03 [INFO] com.zaxxer.hikari.HikariDataSource - HikariPool-1 - Shutdown initiated...
2026-05-14 10:52:03 [INFO] com.zaxxer.hikari.HikariDataSource - HikariPool-1 - Shutdown completed.
2026-05-14 10:53:36 [INFO] c.retailmind.RetailmindApplication - Starting RetailmindApplication using Java 25.0.3 with PID 43180 (C:\Users\ASUS\Documents\UTEQ\6 SEMESTRE\Construccion de software\1M6DatosCS\retailmind-backend\target\classes started by ASUS in C:\Users\ASUS\Documents\UTEQ\6 SEMESTRE\Construccion de software\1M6DatosCS\retailmind-backend)
2026-05-14 10:53:36 [INFO] c.retailmind.RetailmindApplication - No active profile set, falling back to 1 default profile: "default"
2026-05-14 10:53:36 [INFO] o.s.d.r.c.RepositoryConfigurationDelegate - Bootstrapping Spring Data JPA repositories in DEFAULT mode.
2026-05-14 10:53:36 [INFO] o.s.d.r.c.RepositoryConfigurationDelegate - Finished Spring Data repository scanning in 39 ms. Found 14 JPA repository interfaces.
2026-05-14 10:53:37 [INFO] o.s.b.w.e.tomcat.TomcatWebServer - Tomcat initialized with port 8080 (http)
2026-05-14 10:53:37 [INFO] o.a.catalina.core.StandardService - Starting service [Tomcat]
2026-05-14 10:53:37 [INFO] o.a.catalina.core.StandardEngine - Starting Servlet engine: [Apache Tomcat/10.1.20]
2026-05-14 10:53:37 [INFO] o.a.c.c.C.[Tomcat].[localhost].[/] - Initializing Spring embedded WebApplicationContext
2026-05-14 10:53:37 [INFO] o.s.b.w.s.c.ServletWebServerApplicationContext - Root WebApplicationContext: initialization completed in 744 ms
2026-05-14 10:53:37 [INFO] com.zaxxer.hikari.HikariDataSource - HikariPool-1 - Starting...
2026-05-14 10:53:37 [INFO] com.zaxxer.hikari.pool.HikariPool - HikariPool-1 - Added connection org.postgresql.jdbc.PgConnection@5489b1f7
2026-05-14 10:53:37 [INFO] com.zaxxer.hikari.HikariDataSource - HikariPool-1 - Start completed.
2026-05-14 10:53:37 [INFO] o.h.jpa.internal.util.LogHelper - HHH000204: Processing PersistenceUnitInfo [name: default]
2026-05-14 10:53:37 [INFO] org.hibernate.Version - HHH000412: Hibernate ORM core version 6.4.4.Final
2026-05-14 10:53:37 [INFO] o.h.c.i.RegionFactoryInitiator - HHH000026: Second-level cache disabled
2026-05-14 10:53:37 [INFO] o.s.o.j.p.SpringPersistenceUnitInfo - No LoadTimeWeaver setup: ignoring JPA class transformer
2026-05-14 10:53:37 [WARN] org.hibernate.orm.deprecation - HHH90000025: PostgreSQLDialect does not need to be specified explicitly using 'hibernate.dialect' (remove the property setting and it will be selected by default)
2026-05-14 10:53:38 [INFO] o.h.e.t.j.p.i.JtaPlatformInitiator - HHH000489: No JTA platform available (set 'hibernate.transaction.jta.platform' to enable JTA platform integration)
2026-05-14 10:53:38 [INFO] o.s.o.j.LocalContainerEntityManagerFactoryBean - Initialized JPA EntityManagerFactory for persistence unit 'default'
2026-05-14 10:53:38 [INFO] o.s.d.j.r.query.QueryEnhancerFactory - Hibernate is in classpath; If applicable, HQL parser will be used.
2026-05-14 10:53:39 [INFO] o.s.s.web.DefaultSecurityFilterChain - Will secure any request with [org.springframework.security.web.session.DisableEncodeUrlFilter@245155b8, org.springframework.security.web.context.request.async.WebAsyncManagerIntegrationFilter@4b6cb083, org.springframework.security.web.context.SecurityContextHolderFilter@312eb, org.springframework.security.web.header.HeaderWriterFilter@376ba8e3, org.springframework.web.filter.CorsFilter@3644d305, org.springframework.security.web.authentication.logout.LogoutFilter@550482aa, com.retailmind.security.JwtAuthenticationFilter@448fa659, org.springframework.security.web.savedrequest.RequestCacheAwareFilter@58965e17, org.springframework.security.web.servletapi.SecurityContextHolderAwareRequestFilter@5e4874ae, org.springframework.security.web.authentication.AnonymousAuthenticationFilter@3fc261b7, org.springframework.security.web.session.SessionManagementFilter@a6e0e5f, org.springframework.security.web.access.ExceptionTranslationFilter@22816de1, org.springframework.security.web.access.intercept.AuthorizationFilter@1a4eb392]
2026-05-14 10:53:39 [INFO] o.s.b.w.e.tomcat.TomcatWebServer - Tomcat started on port 8080 (http) with context path ''
2026-05-14 10:53:39 [INFO] c.retailmind.RetailmindApplication - Started RetailmindApplication in 2.907 seconds (process running for 3.085)
2026-05-14 10:53:48 [INFO] o.a.c.c.C.[Tomcat].[localhost].[/] - Initializing Spring DispatcherServlet 'dispatcherServlet'
2026-05-14 10:53:48 [INFO] o.s.web.servlet.DispatcherServlet - Initializing Servlet 'dispatcherServlet'
2026-05-14 10:53:48 [INFO] o.s.web.servlet.DispatcherServlet - Completed initialization in 1 ms
2026-05-14 10:54:11 [INFO] c.r.c.InicializacionController - Iniciando carga completa (3 pasos)
2026-05-14 10:54:22 [INFO] c.r.c.InicializacionController - Extraccion Pocketbase completado exitosamente (11s)
2026-05-14 10:54:34 [INFO] c.r.c.InicializacionController - Carga ClickHouse completado exitosamente (12s)
2026-05-14 10:54:34 [INFO] c.r.c.InicializacionController - Verificacion completado exitosamente (0s)
2026-05-14 10:54:34 [INFO] c.r.c.InicializacionController - Carga completa finalizada: EXITO (23s)
2026-05-14 11:37:36 [INFO] o.s.o.j.LocalContainerEntityManagerFactoryBean - Closing JPA EntityManagerFactory for persistence unit 'default'
2026-05-14 11:37:36 [INFO] com.zaxxer.hikari.HikariDataSource - HikariPool-1 - Shutdown initiated...
2026-05-14 11:37:36 [INFO] com.zaxxer.hikari.HikariDataSource - HikariPool-1 - Shutdown completed.
2026-05-14 11:38:10 [INFO] c.retailmind.RetailmindApplication - Starting RetailmindApplication using Java 25.0.3 with PID 23560 (C:\Users\ASUS\Documents\UTEQ\6 SEMESTRE\Construccion de software\1M6DatosCS\retailmind-backend\target\classes started by ASUS in C:\Users\ASUS\Documents\UTEQ\6 SEMESTRE\Construccion de software\1M6DatosCS\retailmind-backend)
2026-05-14 11:38:10 [INFO] c.retailmind.RetailmindApplication - No active profile set, falling back to 1 default profile: "default"
2026-05-14 11:38:10 [INFO] o.s.d.r.c.RepositoryConfigurationDelegate - Bootstrapping Spring Data JPA repositories in DEFAULT mode.
2026-05-14 11:38:10 [INFO] o.s.d.r.c.RepositoryConfigurationDelegate - Finished Spring Data repository scanning in 48 ms. Found 14 JPA repository interfaces.
2026-05-14 11:38:11 [INFO] o.s.b.w.e.tomcat.TomcatWebServer - Tomcat initialized with port 8080 (http)
2026-05-14 11:38:11 [INFO] o.a.catalina.core.StandardService - Starting service [Tomcat]
2026-05-14 11:38:11 [INFO] o.a.catalina.core.StandardEngine - Starting Servlet engine: [Apache Tomcat/10.1.20]
2026-05-14 11:38:11 [INFO] o.a.c.c.C.[Tomcat].[localhost].[/] - Initializing Spring embedded WebApplicationContext
2026-05-14 11:38:11 [INFO] o.s.b.w.s.c.ServletWebServerApplicationContext - Root WebApplicationContext: initialization completed in 690 ms
2026-05-14 11:38:16 [INFO] c.c.c.http.ApacheHttpConnectionImpl - Connection TTL: 0 ms
2026-05-14 11:38:16 [INFO] c.c.c.http.ApacheHttpConnectionImpl - Connection reuse strategy: LIFO
2026-05-14 11:38:16 [ERROR] o.s.b.w.e.tomcat.TomcatStarter - Error starting Tomcat context. Exception: org.springframework.beans.factory.UnsatisfiedDependencyException. Message: Error creating bean with name 'jwtAuthenticationFilter' defined in file [C:\Users\ASUS\Documents\UTEQ\6 SEMESTRE\Construccion de software\1M6DatosCS\retailmind-backend\target\classes\com\retailmind\security\JwtAuthenticationFilter.class]: Unsatisfied dependency expressed through constructor parameter 1: Error creating bean with name 'authService' defined in file [C:\Users\ASUS\Documents\UTEQ\6 SEMESTRE\Construccion de software\1M6DatosCS\retailmind-backend\target\classes\com\retailmind\service\AuthService.class]: Unsatisfied dependency expressed through constructor parameter 0: Error creating bean with name 'usuarioSistemaRepository' defined in com.retailmind.repository.UsuarioSistemaRepository defined in @EnableJpaRepositories declared on JpaRepositoriesRegistrar.EnableJpaRepositoriesConfiguration: Cannot resolve reference to bean 'jpaSharedEM_entityManagerFactory' while setting bean property 'entityManager'
2026-05-14 11:38:16 [INFO] o.a.catalina.core.StandardService - Stopping service [Tomcat]
2026-05-14 11:38:16 [WARN] o.s.b.w.s.c.AnnotationConfigServletWebServerApplicationContext - Exception encountered during context initialization - cancelling refresh attempt: org.springframework.context.ApplicationContextException: Unable to start web server
2026-05-14 11:38:16 [INFO] o.s.b.a.l.ConditionEvaluationReportLogger - 

Error starting ApplicationContext. To display the condition evaluation report re-run your application with 'debug' enabled.
2026-05-14 11:38:16 [ERROR] o.s.boot.SpringApplication - Application run failed
org.springframework.context.ApplicationContextException: Unable to start web server
	at org.springframework.boot.web.servlet.context.ServletWebServerApplicationContext.onRefresh(ServletWebServerApplicationContext.java:165)
	at org.springframework.context.support.AbstractApplicationContext.refresh(AbstractApplicationContext.java:618)
	at org.springframework.boot.web.servlet.context.ServletWebServerApplicationContext.refresh(ServletWebServerApplicationContext.java:146)
	at org.springframework.boot.SpringApplication.refresh(SpringApplication.java:754)
	at org.springframework.boot.SpringApplication.refreshContext(SpringApplication.java:456)
	at org.springframework.boot.SpringApplication.run(SpringApplication.java:334)
	at org.springframework.boot.SpringApplication.run(SpringApplication.java:1354)
	at org.springframework.boot.SpringApplication.run(SpringApplication.java:1343)
	at com.retailmind.RetailmindApplication.main(RetailmindApplication.java:12)
Caused by: org.springframework.boot.web.server.WebServerException: Unable to start embedded Tomcat
	at org.springframework.boot.web.embedded.tomcat.TomcatWebServer.initialize(TomcatWebServer.java:145)
	at org.springframework.boot.web.embedded.tomcat.TomcatWebServer.<init>(TomcatWebServer.java:105)
	at org.springframework.boot.web.embedded.tomcat.TomcatServletWebServerFactory.getTomcatWebServer(TomcatServletWebServerFactory.java:499)
	at org.springframework.boot.web.embedded.tomcat.TomcatServletWebServerFactory.getWebServer(TomcatServletWebServerFactory.java:218)
	at org.springframework.boot.web.servlet.context.ServletWebServerApplicationContext.createWebServer(ServletWebServerApplicationContext.java:188)
	at org.springframework.boot.web.servlet.context.ServletWebServerApplicationContext.onRefresh(ServletWebServerApplicationContext.java:162)
	... 8 common frames omitted
Caused by: org.springframework.beans.factory.UnsatisfiedDependencyException: Error creating bean with name 'jwtAuthenticationFilter' defined in file [C:\Users\ASUS\Documents\UTEQ\6 SEMESTRE\Construccion de software\1M6DatosCS\retailmind-backend\target\classes\com\retailmind\security\JwtAuthenticationFilter.class]: Unsatisfied dependency expressed through constructor parameter 1: Error creating bean with name 'authService' defined in file [C:\Users\ASUS\Documents\UTEQ\6 SEMESTRE\Construccion de software\1M6DatosCS\retailmind-backend\target\classes\com\retailmind\service\AuthService.class]: Unsatisfied dependency expressed through constructor parameter 0: Error creating bean with name 'usuarioSistemaRepository' defined in com.retailmind.repository.UsuarioSistemaRepository defined in @EnableJpaRepositories declared on JpaRepositoriesRegistrar.EnableJpaRepositoriesConfiguration: Cannot resolve reference to bean 'jpaSharedEM_entityManagerFactory' while setting bean property 'entityManager'
	at org.springframework.beans.factory.support.ConstructorResolver.createArgumentArray(ConstructorResolver.java:795)
	at org.springframework.beans.factory.support.ConstructorResolver.autowireConstructor(ConstructorResolver.java:237)
	at org.springframework.beans.factory.support.AbstractAutowireCapableBeanFactory.autowireConstructor(AbstractAutowireCapableBeanFactory.java:1355)
	at org.springframework.beans.factory.support.AbstractAutowireCapableBeanFactory.createBeanInstance(AbstractAutowireCapableBeanFactory.java:1192)
	at org.springframework.beans.factory.support.AbstractAutowireCapableBeanFactory.doCreateBean(AbstractAutowireCapableBeanFactory.java:562)
	at org.springframework.beans.factory.support.AbstractAutowireCapableBeanFactory.createBean(AbstractAutowireCapableBeanFactory.java:522)
	at org.springframework.beans.factory.support.AbstractBeanFactory.lambda$doGetBean$0(AbstractBeanFactory.java:326)
	at org.springframework.beans.factory.support.DefaultSingletonBeanRegistry.getSingleton(DefaultSingletonBeanRegistry.java:234)
	at org.springframework.beans.factory.support.AbstractBeanFactory.doGetBean(AbstractBeanFactory.java:324)
	at org.springframework.beans.factory.support.AbstractBeanFactory.getBean(AbstractBeanFactory.java:205)
	at org.springframework.boot.web.servlet.ServletContextInitializerBeans.getOrderedBeansOfType(ServletContextInitializerBeans.java:210)
	at org.springframework.boot.web.servlet.ServletContextInitializerBeans.addAsRegistrationBean(ServletContextInitializerBeans.java:173)
	at org.springframework.boot.web.servlet.ServletContextInitializerBeans.addAsRegistrationBean(ServletContextInitializerBeans.java:168)
	at org.springframework.boot.web.servlet.ServletContextInitializerBeans.addAdaptableBeans(ServletContextInitializerBeans.java:153)
	at org.springframework.boot.web.servlet.ServletContextInitializerBeans.<init>(ServletContextInitializerBeans.java:86)
	at org.springframework.boot.web.servlet.context.ServletWebServerApplicationContext.getServletContextInitializerBeans(ServletWebServerApplicationContext.java:266)
	at org.springframework.boot.web.servlet.context.ServletWebServerApplicationContext.selfInitialize(ServletWebServerApplicationContext.java:240)
	at org.springframework.boot.web.embedded.tomcat.TomcatStarter.onStartup(TomcatStarter.java:52)
	at org.apache.catalina.core.StandardContext.startInternal(StandardContext.java:4880)
	at org.apache.catalina.util.LifecycleBase.start(LifecycleBase.java:171)
	at org.apache.catalina.core.ContainerBase$StartChild.call(ContainerBase.java:1332)
	at org.apache.catalina.core.ContainerBase$StartChild.call(ContainerBase.java:1322)
	at java.base/java.util.concurrent.FutureTask.run(FutureTask.java:328)
	at org.apache.tomcat.util.threads.InlineExecutorService.execute(InlineExecutorService.java:75)
	at java.base/java.util.concurrent.AbstractExecutorService.submit(AbstractExecutorService.java:149)
	at org.apache.catalina.core.ContainerBase.startInternal(ContainerBase.java:866)
	at org.apache.catalina.core.StandardHost.startInternal(StandardHost.java:845)
	at org.apache.catalina.util.LifecycleBase.start(LifecycleBase.java:171)
	at org.apache.catalina.core.ContainerBase$StartChild.call(ContainerBase.java:1332)
	at org.apache.catalina.core.ContainerBase$StartChild.call(ContainerBase.java:1322)
	at java.base/java.util.concurrent.FutureTask.run(FutureTask.java:328)
	at org.apache.tomcat.util.threads.InlineExecutorService.execute(InlineExecutorService.java:75)
	at java.base/java.util.concurrent.AbstractExecutorService.submit(AbstractExecutorService.java:149)
	at org.apache.catalina.core.ContainerBase.startInternal(ContainerBase.java:866)
	at org.apache.catalina.core.StandardEngine.startInternal(StandardEngine.java:240)
	at org.apache.catalina.util.LifecycleBase.start(LifecycleBase.java:171)
	at org.apache.catalina.core.StandardService.startInternal(StandardService.java:433)
	at org.apache.catalina.util.LifecycleBase.start(LifecycleBase.java:171)
	at org.apache.catalina.core.StandardServer.startInternal(StandardServer.java:921)
	at org.apache.catalina.util.LifecycleBase.start(LifecycleBase.java:171)
	at org.apache.catalina.startup.Tomcat.start(Tomcat.java:437)
	at org.springframework.boot.web.embedded.tomcat.TomcatWebServer.initialize(TomcatWebServer.java:126)
	... 13 common frames omitted
Caused by: org.springframework.beans.factory.UnsatisfiedDependencyException: Error creating bean with name 'authService' defined in file [C:\Users\ASUS\Documents\UTEQ\6 SEMESTRE\Construccion de software\1M6DatosCS\retailmind-backend\target\classes\com\retailmind\service\AuthService.class]: Unsatisfied dependency expressed through constructor parameter 0: Error creating bean with name 'usuarioSistemaRepository' defined in com.retailmind.repository.UsuarioSistemaRepository defined in @EnableJpaRepositories declared on JpaRepositoriesRegistrar.EnableJpaRepositoriesConfiguration: Cannot resolve reference to bean 'jpaSharedEM_entityManagerFactory' while setting bean property 'entityManager'
	at org.springframework.beans.factory.support.ConstructorResolver.createArgumentArray(ConstructorResolver.java:795)
	at org.springframework.beans.factory.support.ConstructorResolver.autowireConstructor(ConstructorResolver.java:237)
	at org.springframework.beans.factory.support.AbstractAutowireCapableBeanFactory.autowireConstructor(AbstractAutowireCapableBeanFactory.java:1355)
	at org.springframework.beans.factory.support.AbstractAutowireCapableBeanFactory.createBeanInstance(AbstractAutowireCapableBeanFactory.java:1192)
	at org.springframework.beans.factory.support.AbstractAutowireCapableBeanFactory.doCreateBean(AbstractAutowireCapableBeanFactory.java:562)
	at org.springframework.beans.factory.support.AbstractAutowireCapableBeanFactory.createBean(AbstractAutowireCapableBeanFactory.java:522)
	at org.springframework.beans.factory.support.AbstractBeanFactory.lambda$doGetBean$0(AbstractBeanFactory.java:326)
	at org.springframework.beans.factory.support.DefaultSingletonBeanRegistry.getSingleton(DefaultSingletonBeanRegistry.java:234)
	at org.springframework.beans.factory.support.AbstractBeanFactory.doGetBean(AbstractBeanFactory.java:324)
	at org.springframework.beans.factory.support.AbstractBeanFactory.getBean(AbstractBeanFactory.java:200)
	at org.springframework.beans.factory.config.DependencyDescriptor.resolveCandidate(DependencyDescriptor.java:254)
	at org.springframework.beans.factory.support.DefaultListableBeanFactory.doResolveDependency(DefaultListableBeanFactory.java:1443)
	at org.springframework.beans.factory.support.DefaultListableBeanFactory.resolveDependency(DefaultListableBeanFactory.java:1353)
	at org.springframework.beans.factory.support.ConstructorResolver.resolveAutowiredArgument(ConstructorResolver.java:904)
	at org.springframework.beans.factory.support.ConstructorResolver.createArgumentArray(ConstructorResolver.java:782)
	... 54 common frames omitted
Caused by: org.springframework.beans.factory.BeanCreationException: Error creating bean with name 'usuarioSistemaRepository' defined in com.retailmind.repository.UsuarioSistemaRepository defined in @EnableJpaRepositories declared on JpaRepositoriesRegistrar.EnableJpaRepositoriesConfiguration: Cannot resolve reference to bean 'jpaSharedEM_entityManagerFactory' while setting bean property 'entityManager'
	at org.springframework.beans.factory.support.BeanDefinitionValueResolver.resolveReference(BeanDefinitionValueResolver.java:377)
	at org.springframework.beans.factory.support.BeanDefinitionValueResolver.resolveValueIfNecessary(BeanDefinitionValueResolver.java:135)
	at org.springframework.beans.factory.support.AbstractAutowireCapableBeanFactory.applyPropertyValues(AbstractAutowireCapableBeanFactory.java:1685)
	at org.springframework.beans.factory.support.AbstractAutowireCapableBeanFactory.populateBean(AbstractAutowireCapableBeanFactory.java:1434)
	at org.springframework.beans.factory.support.AbstractAutowireCapableBeanFactory.doCreateBean(AbstractAutowireCapableBeanFactory.java:599)
	at org.springframework.beans.factory.support.AbstractAutowireCapableBeanFactory.createBean(AbstractAutowireCapableBeanFactory.java:522)
	at org.springframework.beans.factory.support.AbstractBeanFactory.lambda$doGetBean$0(AbstractBeanFactory.java:326)
	at org.springframework.beans.factory.support.DefaultSingletonBeanRegistry.getSingleton(DefaultSingletonBeanRegistry.java:234)
	at org.springframework.beans.factory.support.AbstractBeanFactory.doGetBean(AbstractBeanFactory.java:324)
	at org.springframework.beans.factory.support.AbstractBeanFactory.getBean(AbstractBeanFactory.java:200)
	at org.springframework.beans.factory.config.DependencyDescriptor.resolveCandidate(DependencyDescriptor.java:254)
	at org.springframework.beans.factory.support.DefaultListableBeanFactory.doResolveDependency(DefaultListableBeanFactory.java:1443)
	at org.springframework.beans.factory.support.DefaultListableBeanFactory.resolveDependency(DefaultListableBeanFactory.java:1353)
	at org.springframework.beans.factory.support.ConstructorResolver.resolveAutowiredArgument(ConstructorResolver.java:904)
	at org.springframework.beans.factory.support.ConstructorResolver.createArgumentArray(ConstructorResolver.java:782)
	... 68 common frames omitted
Caused by: org.springframework.beans.factory.BeanCreationException: Error creating bean with name 'jpaSharedEM_entityManagerFactory': Cannot resolve reference to bean 'entityManagerFactory' while setting constructor argument
	at org.springframework.beans.factory.support.BeanDefinitionValueResolver.resolveReference(BeanDefinitionValueResolver.java:377)
	at org.springframework.beans.factory.support.BeanDefinitionValueResolver.resolveValueIfNecessary(BeanDefinitionValueResolver.java:135)
	at org.springframework.beans.factory.support.ConstructorResolver.resolveConstructorArguments(ConstructorResolver.java:682)
	at org.springframework.beans.factory.support.ConstructorResolver.instantiateUsingFactoryMethod(ConstructorResolver.java:509)
	at org.springframework.beans.factory.support.AbstractAutowireCapableBeanFactory.instantiateUsingFactoryMethod(AbstractAutowireCapableBeanFactory.java:1335)
	at org.springframework.beans.factory.support.AbstractAutowireCapableBeanFactory.createBeanInstance(AbstractAutowireCapableBeanFactory.java:1165)
	at org.springframework.beans.factory.support.AbstractAutowireCapableBeanFactory.doCreateBean(AbstractAutowireCapableBeanFactory.java:562)
	at org.springframework.beans.factory.support.AbstractAutowireCapableBeanFactory.createBean(AbstractAutowireCapableBeanFactory.java:522)
	at org.springframework.beans.factory.support.AbstractBeanFactory.lambda$doGetBean$0(AbstractBeanFactory.java:326)
	at org.springframework.beans.factory.support.DefaultSingletonBeanRegistry.getSingleton(DefaultSingletonBeanRegistry.java:234)
	at org.springframework.beans.factory.support.AbstractBeanFactory.doGetBean(AbstractBeanFactory.java:324)
	at org.springframework.beans.factory.support.AbstractBeanFactory.getBean(AbstractBeanFactory.java:200)
	at org.springframework.beans.factory.support.BeanDefinitionValueResolver.resolveReference(BeanDefinitionValueResolver.java:365)
	... 82 common frames omitted
Caused by: org.springframework.beans.factory.BeanCreationException: Error creating bean with name 'dataSourceScriptDatabaseInitializer' defined in class path resource [org/springframework/boot/autoconfigure/sql/init/DataSourceInitializationConfiguration.class]: Failed to execute SQL script statement #1 of file [C:\Users\ASUS\Documents\UTEQ\6 SEMESTRE\Construccion de software\1M6DatosCS\retailmind-backend\target\classes\schema.sql]: CREATE TABLE IF NOT EXISTS usuarios_sistema ( id SERIAL PRIMARY KEY, username VARCHAR(50) UNIQUE NOT NULL, password VARCHAR(255) NOT NULL, nombre VARCHAR(100), rol VARCHAR(20) NOT NULL DEFAULT 'VIEWER', activo BOOLEAN NOT NULL DEFAULT true, created_at TIMESTAMP DEFAULT NOW() )
	at org.springframework.beans.factory.support.AbstractAutowireCapableBeanFactory.initializeBean(AbstractAutowireCapableBeanFactory.java:1786)
	at org.springframework.beans.factory.support.AbstractAutowireCapableBeanFactory.doCreateBean(AbstractAutowireCapableBeanFactory.java:600)
	at org.springframework.beans.factory.support.AbstractAutowireCapableBeanFactory.createBean(AbstractAutowireCapableBeanFactory.java:522)
	at org.springframework.beans.factory.support.AbstractBeanFactory.lambda$doGetBean$0(AbstractBeanFactory.java:326)
	at org.springframework.beans.factory.support.DefaultSingletonBeanRegistry.getSingleton(DefaultSingletonBeanRegistry.java:234)
	at org.springframework.beans.factory.support.AbstractBeanFactory.doGetBean(AbstractBeanFactory.java:324)
	at org.springframework.beans.factory.support.AbstractBeanFactory.getBean(AbstractBeanFactory.java:200)
	at org.springframework.beans.factory.support.AbstractBeanFactory.doGetBean(AbstractBeanFactory.java:313)
	at org.springframework.beans.factory.support.AbstractBeanFactory.getBean(AbstractBeanFactory.java:200)
	at org.springframework.beans.factory.support.BeanDefinitionValueResolver.resolveReference(BeanDefinitionValueResolver.java:365)
	... 94 common frames omitted
Caused by: org.springframework.jdbc.datasource.init.ScriptStatementFailedException: Failed to execute SQL script statement #1 of file [C:\Users\ASUS\Documents\UTEQ\6 SEMESTRE\Construccion de software\1M6DatosCS\retailmind-backend\target\classes\schema.sql]: CREATE TABLE IF NOT EXISTS usuarios_sistema ( id SERIAL PRIMARY KEY, username VARCHAR(50) UNIQUE NOT NULL, password VARCHAR(255) NOT NULL, nombre VARCHAR(100), rol VARCHAR(20) NOT NULL DEFAULT 'VIEWER', activo BOOLEAN NOT NULL DEFAULT true, created_at TIMESTAMP DEFAULT NOW() )
	at org.springframework.jdbc.datasource.init.ScriptUtils.executeSqlScript(ScriptUtils.java:282)
	at org.springframework.jdbc.datasource.init.ResourceDatabasePopulator.populate(ResourceDatabasePopulator.java:254)
	at org.springframework.jdbc.datasource.init.DatabasePopulatorUtils.execute(DatabasePopulatorUtils.java:54)
	at org.springframework.boot.jdbc.init.DataSourceScriptDatabaseInitializer.runScripts(DataSourceScriptDatabaseInitializer.java:87)
	at org.springframework.boot.sql.init.AbstractScriptDatabaseInitializer.runScripts(AbstractScriptDatabaseInitializer.java:146)
	at org.springframework.boot.sql.init.AbstractScriptDatabaseInitializer.applyScripts(AbstractScriptDatabaseInitializer.java:108)
	at org.springframework.boot.sql.init.AbstractScriptDatabaseInitializer.applySchemaScripts(AbstractScriptDatabaseInitializer.java:98)
	at org.springframework.boot.sql.init.AbstractScriptDatabaseInitializer.initializeDatabase(AbstractScriptDatabaseInitializer.java:76)
	at org.springframework.boot.sql.init.AbstractScriptDatabaseInitializer.afterPropertiesSet(AbstractScriptDatabaseInitializer.java:66)
	at org.springframework.beans.factory.support.AbstractAutowireCapableBeanFactory.invokeInitMethods(AbstractAutowireCapableBeanFactory.java:1833)
	at org.springframework.beans.factory.support.AbstractAutowireCapableBeanFactory.initializeBean(AbstractAutowireCapableBeanFactory.java:1782)
	... 103 common frames omitted
Caused by: java.sql.SQLException: LZ4 is not supported. Please disable compression(compress=0), modify the algorithm(e.g. compress_algorithm=gzip), or add the missing libraries to the classpath.
	at com.clickhouse.jdbc.SqlExceptionUtils.handle(SqlExceptionUtils.java:85)
	at com.clickhouse.jdbc.SqlExceptionUtils.create(SqlExceptionUtils.java:31)
	at com.clickhouse.jdbc.SqlExceptionUtils.handle(SqlExceptionUtils.java:90)
	at com.clickhouse.jdbc.internal.ClickHouseStatementImpl.sendRequest(ClickHouseStatementImpl.java:375)
	at com.clickhouse.jdbc.internal.ClickHouseStatementImpl.getLastResponse(ClickHouseStatementImpl.java:142)
	at com.clickhouse.jdbc.internal.ClickHouseStatementImpl.executeQuery(ClickHouseStatementImpl.java:541)
	at com.clickhouse.jdbc.internal.ClickHouseStatementImpl.execute(ClickHouseStatementImpl.java:529)
	at org.springframework.jdbc.datasource.init.ScriptUtils.executeSqlScript(ScriptUtils.java:261)
	... 113 common frames omitted
Caused by: java.lang.UnsupportedOperationException: LZ4 is not supported. Please disable compression(compress=0), modify the algorithm(e.g. compress_algorithm=gzip), or add the missing libraries to the classpath.
	at com.clickhouse.data.ClickHouseCompressionAlgorithm.createInputStream(ClickHouseCompressionAlgorithm.java:61)
	at com.clickhouse.data.ClickHouseInputStream.wrap(ClickHouseInputStream.java:98)
	at com.clickhouse.data.ClickHouseInputStream.of(ClickHouseInputStream.java:294)
	at com.clickhouse.client.ClickHouseClient.getResponseInputStream(ClickHouseClient.java:167)
	at com.clickhouse.client.http.ApacheHttpConnectionImpl.checkResponse(ApacheHttpConnectionImpl.java:219)
	at com.clickhouse.client.http.ApacheHttpConnectionImpl.post(ApacheHttpConnectionImpl.java:304)
	at com.clickhouse.client.http.ClickHouseHttpClient.send(ClickHouseHttpClient.java:195)
	at com.clickhouse.client.AbstractClient.execute(AbstractClient.java:280)
	at com.clickhouse.client.ClickHouseClientBuilder$Agent.sendOnce(ClickHouseClientBuilder.java:282)
	at com.clickhouse.client.ClickHouseClientBuilder$Agent.send(ClickHouseClientBuilder.java:294)
	at com.clickhouse.client.ClickHouseClientBuilder$Agent.execute(ClickHouseClientBuilder.java:349)
	at com.clickhouse.client.ClickHouseClient.executeAndWait(ClickHouseClient.java:878)
	at com.clickhouse.client.ClickHouseRequest.executeAndWait(ClickHouseRequest.java:2154)
	at com.clickhouse.jdbc.internal.ClickHouseStatementImpl.sendRequest(ClickHouseStatementImpl.java:366)
	... 117 common frames omitted
2026-05-14 12:18:52 [INFO] c.retailmind.RetailmindApplication - Starting RetailmindApplication using Java 25.0.3 with PID 14168 (C:\Users\ASUS\Documents\UTEQ\6 SEMESTRE\Construccion de software\1M6DatosCS\retailmind-backend\target\classes started by ASUS in C:\Users\ASUS\Documents\UTEQ\6 SEMESTRE\Construccion de software\1M6DatosCS\retailmind-backend)
2026-05-14 12:18:52 [INFO] c.retailmind.RetailmindApplication - No active profile set, falling back to 1 default profile: "default"
2026-05-14 12:18:52 [INFO] o.s.d.r.c.RepositoryConfigurationDelegate - Bootstrapping Spring Data JPA repositories in DEFAULT mode.
2026-05-14 12:18:52 [INFO] o.s.d.r.c.RepositoryConfigurationDelegate - Finished Spring Data repository scanning in 49 ms. Found 14 JPA repository interfaces.
2026-05-14 12:18:53 [INFO] o.s.b.w.e.tomcat.TomcatWebServer - Tomcat initialized with port 8080 (http)
2026-05-14 12:18:53 [INFO] o.a.catalina.core.StandardService - Starting service [Tomcat]
2026-05-14 12:18:53 [INFO] o.a.catalina.core.StandardEngine - Starting Servlet engine: [Apache Tomcat/10.1.20]
2026-05-14 12:18:53 [INFO] o.a.c.c.C.[Tomcat].[localhost].[/] - Initializing Spring embedded WebApplicationContext
2026-05-14 12:18:53 [INFO] o.s.b.w.s.c.ServletWebServerApplicationContext - Root WebApplicationContext: initialization completed in 672 ms
2026-05-14 12:18:53 [INFO] com.zaxxer.hikari.HikariDataSource - HikariPool-1 - Starting...
2026-05-14 12:18:58 [INFO] com.zaxxer.hikari.pool.HikariPool - HikariPool-1 - Added connection org.postgresql.jdbc.PgConnection@1ff15a50
2026-05-14 12:18:58 [INFO] com.zaxxer.hikari.HikariDataSource - HikariPool-1 - Start completed.
2026-05-14 12:18:58 [INFO] o.h.jpa.internal.util.LogHelper - HHH000204: Processing PersistenceUnitInfo [name: default]
2026-05-14 12:18:58 [INFO] org.hibernate.Version - HHH000412: Hibernate ORM core version 6.4.4.Final
2026-05-14 12:18:58 [INFO] o.h.c.i.RegionFactoryInitiator - HHH000026: Second-level cache disabled
2026-05-14 12:18:58 [INFO] o.s.o.j.p.SpringPersistenceUnitInfo - No LoadTimeWeaver setup: ignoring JPA class transformer
2026-05-14 12:18:58 [WARN] org.hibernate.orm.deprecation - HHH90000025: PostgreSQLDialect does not need to be specified explicitly using 'hibernate.dialect' (remove the property setting and it will be selected by default)
2026-05-14 12:18:59 [INFO] o.h.e.t.j.p.i.JtaPlatformInitiator - HHH000489: No JTA platform available (set 'hibernate.transaction.jta.platform' to enable JTA platform integration)
2026-05-14 12:18:59 [INFO] o.s.o.j.LocalContainerEntityManagerFactoryBean - Initialized JPA EntityManagerFactory for persistence unit 'default'
2026-05-14 12:18:59 [INFO] o.s.d.j.r.query.QueryEnhancerFactory - Hibernate is in classpath; If applicable, HQL parser will be used.
2026-05-14 12:18:59 [INFO] o.s.s.web.DefaultSecurityFilterChain - Will secure any request with [org.springframework.security.web.session.DisableEncodeUrlFilter@2a0cc666, org.springframework.security.web.context.request.async.WebAsyncManagerIntegrationFilter@77f43f3e, org.springframework.security.web.context.SecurityContextHolderFilter@18f6ccf4, org.springframework.security.web.header.HeaderWriterFilter@75f67ea7, org.springframework.web.filter.CorsFilter@379ddab2, org.springframework.security.web.authentication.logout.LogoutFilter@5c943847, com.retailmind.security.JwtAuthenticationFilter@13ae87a6, org.springframework.security.web.savedrequest.RequestCacheAwareFilter@45ec6bb3, org.springframework.security.web.servletapi.SecurityContextHolderAwareRequestFilter@219c32e3, org.springframework.security.web.authentication.AnonymousAuthenticationFilter@2b35976a, org.springframework.security.web.session.SessionManagementFilter@73032867, org.springframework.security.web.access.ExceptionTranslationFilter@6fb87b73, org.springframework.security.web.access.intercept.AuthorizationFilter@76b49d0]
2026-05-14 12:19:00 [INFO] o.s.b.w.e.tomcat.TomcatWebServer - Tomcat started on port 8080 (http) with context path ''
2026-05-14 12:19:00 [INFO] c.retailmind.RetailmindApplication - Started RetailmindApplication in 7.737 seconds (process running for 7.914)
2026-05-14 12:19:00 [INFO] com.zaxxer.hikari.HikariDataSource - HikariPool-2 - Starting...
2026-05-14 12:19:00 [INFO] c.c.c.http.ApacheHttpConnectionImpl - Connection TTL: 0 ms
2026-05-14 12:19:00 [INFO] c.c.c.http.ApacheHttpConnectionImpl - Connection reuse strategy: LIFO
2026-05-14 12:19:00 [INFO] o.a.c.c.C.[Tomcat].[localhost].[/] - Initializing Spring DispatcherServlet 'dispatcherServlet'
2026-05-14 12:19:00 [INFO] o.s.web.servlet.DispatcherServlet - Initializing Servlet 'dispatcherServlet'
2026-05-14 12:19:00 [INFO] o.s.web.servlet.DispatcherServlet - Completed initialization in 0 ms
2026-05-14 12:19:00 [INFO] com.zaxxer.hikari.pool.HikariPool - HikariPool-2 - Added connection com.clickhouse.jdbc.internal.ClickHouseConnectionImpl@5cbb2b1d
2026-05-14 12:19:00 [INFO] com.zaxxer.hikari.HikariDataSource - HikariPool-2 - Start completed.
2026-05-14 12:19:00 [INFO] o.s.b.a.l.ConditionEvaluationReportLogger - 

Error starting ApplicationContext. To display the condition evaluation report re-run your application with 'debug' enabled.
2026-05-14 12:19:00 [WARN] c.r.service.HealthCheckService - Health check BD fallo: StatementCallback; bad SQL grammar [SELECT 1]
2026-05-14 12:19:00 [ERROR] o.s.boot.SpringApplication - Application run failed
org.springframework.jdbc.BadSqlGrammarException: StatementCallback; bad SQL grammar [CREATE TABLE IF NOT EXISTS usuarios_sistema (
    id         SERIAL PRIMARY KEY,
    username   VARCHAR(50) UNIQUE NOT NULL,
    password   VARCHAR(255) NOT NULL,
    nombre     VARCHAR(100),
    rol        VARCHAR(20) NOT NULL DEFAULT 'VIEWER',
    activo     BOOLEAN NOT NULL DEFAULT true,
    created_at TIMESTAMP DEFAULT NOW()
)
]
	at org.springframework.jdbc.support.SQLStateSQLExceptionTranslator.doTranslate(SQLStateSQLExceptionTranslator.java:112)
	at org.springframework.jdbc.support.AbstractFallbackSQLExceptionTranslator.translate(AbstractFallbackSQLExceptionTranslator.java:107)
	at org.springframework.jdbc.support.AbstractFallbackSQLExceptionTranslator.translate(AbstractFallbackSQLExceptionTranslator.java:116)
	at org.springframework.jdbc.core.JdbcTemplate.translateException(JdbcTemplate.java:1548)
	at org.springframework.jdbc.core.JdbcTemplate.execute(JdbcTemplate.java:408)
	at org.springframework.jdbc.core.JdbcTemplate.execute(JdbcTemplate.java:444)
	at com.retailmind.migration.DataInitializer.run(DataInitializer.java:31)
	at org.springframework.boot.SpringApplication.lambda$callRunner$4(SpringApplication.java:786)
	at org.springframework.util.function.ThrowingConsumer$1.acceptWithException(ThrowingConsumer.java:83)
	at org.springframework.util.function.ThrowingConsumer.accept(ThrowingConsumer.java:60)
	at org.springframework.util.function.ThrowingConsumer$1.accept(ThrowingConsumer.java:88)
	at org.springframework.boot.SpringApplication.callRunner(SpringApplication.java:798)
	at org.springframework.boot.SpringApplication.callRunner(SpringApplication.java:786)
	at org.springframework.boot.SpringApplication.lambda$callRunners$3(SpringApplication.java:774)
	at java.base/java.util.stream.ForEachOps$ForEachOp$OfRef.accept(ForEachOps.java:186)
	at java.base/java.util.stream.SortedOps$SizedRefSortingSink.end(SortedOps.java:357)
	at java.base/java.util.stream.AbstractPipeline.copyInto(AbstractPipeline.java:571)
	at java.base/java.util.stream.AbstractPipeline.wrapAndCopyInto(AbstractPipeline.java:560)
	at java.base/java.util.stream.ForEachOps$ForEachOp.evaluateSequential(ForEachOps.java:153)
	at java.base/java.util.stream.ForEachOps$ForEachOp$OfRef.evaluateSequential(ForEachOps.java:176)
	at java.base/java.util.stream.AbstractPipeline.evaluate(AbstractPipeline.java:265)
	at java.base/java.util.stream.ReferencePipeline.forEach(ReferencePipeline.java:632)
	at org.springframework.boot.SpringApplication.callRunners(SpringApplication.java:774)
	at org.springframework.boot.SpringApplication.run(SpringApplication.java:341)
	at org.springframework.boot.SpringApplication.run(SpringApplication.java:1354)
	at org.springframework.boot.SpringApplication.run(SpringApplication.java:1343)
	at com.retailmind.RetailmindApplication.main(RetailmindApplication.java:12)
Caused by: java.sql.SQLException: LZ4 is not supported. Please disable compression(compress=0), modify the algorithm(e.g. compress_algorithm=gzip), or add the missing libraries to the classpath.
	at com.clickhouse.jdbc.SqlExceptionUtils.handle(SqlExceptionUtils.java:85)
	at com.clickhouse.jdbc.SqlExceptionUtils.create(SqlExceptionUtils.java:31)
	at com.clickhouse.jdbc.SqlExceptionUtils.handle(SqlExceptionUtils.java:90)
	at com.clickhouse.jdbc.internal.ClickHouseStatementImpl.sendRequest(ClickHouseStatementImpl.java:375)
	at com.clickhouse.jdbc.internal.ClickHouseStatementImpl.getLastResponse(ClickHouseStatementImpl.java:142)
	at com.clickhouse.jdbc.internal.ClickHouseStatementImpl.executeQuery(ClickHouseStatementImpl.java:541)
	at com.clickhouse.jdbc.internal.ClickHouseStatementImpl.execute(ClickHouseStatementImpl.java:529)
	at com.zaxxer.hikari.pool.ProxyStatement.execute(ProxyStatement.java:94)
	at com.zaxxer.hikari.pool.HikariProxyStatement.execute(HikariProxyStatement.java)
	at org.springframework.jdbc.core.JdbcTemplate$1ExecuteStatementCallback.doInStatement(JdbcTemplate.java:435)
	at org.springframework.jdbc.core.JdbcTemplate.execute(JdbcTemplate.java:393)
	... 22 common frames omitted
Caused by: java.lang.UnsupportedOperationException: LZ4 is not supported. Please disable compression(compress=0), modify the algorithm(e.g. compress_algorithm=gzip), or add the missing libraries to the classpath.
	at com.clickhouse.data.ClickHouseCompressionAlgorithm.createInputStream(ClickHouseCompressionAlgorithm.java:61)
	at com.clickhouse.data.ClickHouseInputStream.wrap(ClickHouseInputStream.java:98)
	at com.clickhouse.data.ClickHouseInputStream.of(ClickHouseInputStream.java:294)
	at com.clickhouse.client.ClickHouseClient.getResponseInputStream(ClickHouseClient.java:167)
	at com.clickhouse.client.http.ApacheHttpConnectionImpl.checkResponse(ApacheHttpConnectionImpl.java:219)
	at com.clickhouse.client.http.ApacheHttpConnectionImpl.post(ApacheHttpConnectionImpl.java:304)
	at com.clickhouse.client.http.ClickHouseHttpClient.send(ClickHouseHttpClient.java:195)
	at com.clickhouse.client.AbstractClient.execute(AbstractClient.java:280)
	at com.clickhouse.client.ClickHouseClientBuilder$Agent.sendOnce(ClickHouseClientBuilder.java:282)
	at com.clickhouse.client.ClickHouseClientBuilder$Agent.send(ClickHouseClientBuilder.java:294)
	at com.clickhouse.client.ClickHouseClientBuilder$Agent.execute(ClickHouseClientBuilder.java:349)
	at com.clickhouse.client.ClickHouseClient.executeAndWait(ClickHouseClient.java:878)
	at com.clickhouse.client.ClickHouseRequest.executeAndWait(ClickHouseRequest.java:2154)
	at com.clickhouse.jdbc.internal.ClickHouseStatementImpl.sendRequest(ClickHouseStatementImpl.java:366)
	... 29 common frames omitted
2026-05-14 12:19:00 [INFO] c.c.c.http.ApacheHttpConnectionImpl - Connection TTL: 0 ms
2026-05-14 12:19:00 [INFO] c.c.c.http.ApacheHttpConnectionImpl - Connection reuse strategy: LIFO
2026-05-14 12:19:00 [INFO] c.c.c.http.ApacheHttpConnectionImpl - Connection TTL: 0 ms
2026-05-14 12:19:00 [INFO] c.c.c.http.ApacheHttpConnectionImpl - Connection reuse strategy: LIFO
2026-05-14 12:19:00 [INFO] c.c.c.http.ApacheHttpConnectionImpl - Connection TTL: 0 ms
2026-05-14 12:19:00 [INFO] c.c.c.http.ApacheHttpConnectionImpl - Connection reuse strategy: LIFO
2026-05-14 12:19:00 [WARN] c.r.service.HealthCheckService - Health check Python fallo: null
2026-05-14 12:19:00 [ERROR] c.r.exception.GlobalExceptionHandler - Error interno en /api/health: ServletOutputStream failed to flush: java.nio.channels.ClosedChannelException
org.springframework.web.context.request.async.AsyncRequestNotUsableException: ServletOutputStream failed to flush: java.nio.channels.ClosedChannelException
	at org.springframework.web.context.request.async.StandardServletAsyncWebRequest$LifecycleHttpServletResponse.handleIOException(StandardServletAsyncWebRequest.java:320)
	at org.springframework.web.context.request.async.StandardServletAsyncWebRequest$LifecycleServletOutputStream.flush(StandardServletAsyncWebRequest.java:392)
	at java.base/java.io.FilterOutputStream.flush(FilterOutputStream.java:155)
	at com.fasterxml.jackson.core.json.UTF8JsonGenerator.flush(UTF8JsonGenerator.java:1200)
	at com.fasterxml.jackson.databind.ObjectWriter.writeValue(ObjectWriter.java:1063)
	at org.springframework.http.converter.json.AbstractJackson2HttpMessageConverter.writeInternal(AbstractJackson2HttpMessageConverter.java:483)
	at org.springframework.http.converter.AbstractGenericHttpMessageConverter.write(AbstractGenericHttpMessageConverter.java:114)
	at org.springframework.web.servlet.mvc.method.annotation.AbstractMessageConverterMethodProcessor.writeWithMessageConverters(AbstractMessageConverterMethodProcessor.java:297)
	at org.springframework.web.servlet.mvc.method.annotation.HttpEntityMethodProcessor.handleReturnValue(HttpEntityMethodProcessor.java:245)
	at org.springframework.web.method.support.HandlerMethodReturnValueHandlerComposite.handleReturnValue(HandlerMethodReturnValueHandlerComposite.java:78)
	at org.springframework.web.servlet.mvc.method.annotation.ServletInvocableHandlerMethod.invokeAndHandle(ServletInvocableHandlerMethod.java:136)
	at org.springframework.web.servlet.mvc.method.annotation.RequestMappingHandlerAdapter.invokeHandlerMethod(RequestMappingHandlerAdapter.java:926)
	at org.springframework.web.servlet.mvc.method.annotation.RequestMappingHandlerAdapter.handleInternal(RequestMappingHandlerAdapter.java:831)
	at org.springframework.web.servlet.mvc.method.AbstractHandlerMethodAdapter.handle(AbstractHandlerMethodAdapter.java:87)
	at org.springframework.web.servlet.DispatcherServlet.doDispatch(DispatcherServlet.java:1089)
	at org.springframework.web.servlet.DispatcherServlet.doService(DispatcherServlet.java:979)
	at org.springframework.web.servlet.FrameworkServlet.processRequest(FrameworkServlet.java:1014)
	at org.springframework.web.servlet.FrameworkServlet.doGet(FrameworkServlet.java:903)
	at jakarta.servlet.http.HttpServlet.service(HttpServlet.java:564)
	at org.springframework.web.servlet.FrameworkServlet.service(FrameworkServlet.java:885)
	at jakarta.servlet.http.HttpServlet.service(HttpServlet.java:658)
	at org.apache.catalina.core.ApplicationFilterChain.internalDoFilter(ApplicationFilterChain.java:206)
	at org.apache.catalina.core.ApplicationFilterChain.doFilter(ApplicationFilterChain.java:150)
	at org.apache.tomcat.websocket.server.WsFilter.doFilter(WsFilter.java:51)
	at org.apache.catalina.core.ApplicationFilterChain.internalDoFilter(ApplicationFilterChain.java:175)
	at org.apache.catalina.core.ApplicationFilterChain.doFilter(ApplicationFilterChain.java:150)
	at org.springframework.web.filter.OncePerRequestFilter.doFilter(OncePerRequestFilter.java:110)
	at org.apache.catalina.core.ApplicationFilterChain.internalDoFilter(ApplicationFilterChain.java:175)
	at org.apache.catalina.core.ApplicationFilterChain.doFilter(ApplicationFilterChain.java:150)
	at org.springframework.web.filter.CompositeFilter$VirtualFilterChain.doFilter(CompositeFilter.java:108)
	at org.springframework.security.web.FilterChainProxy.lambda$doFilterInternal$3(FilterChainProxy.java:231)
	at org.springframework.security.web.FilterChainProxy$VirtualFilterChain.doFilter(FilterChainProxy.java:365)
	at org.springframework.security.web.access.intercept.AuthorizationFilter.doFilter(AuthorizationFilter.java:100)
	at org.springframework.security.web.FilterChainProxy$VirtualFilterChain.doFilter(FilterChainProxy.java:374)
	at org.springframework.security.web.access.ExceptionTranslationFilter.doFilter(ExceptionTranslationFilter.java:126)
	at org.springframework.security.web.access.ExceptionTranslationFilter.doFilter(ExceptionTranslationFilter.java:120)
	at org.springframework.security.web.FilterChainProxy$VirtualFilterChain.doFilter(FilterChainProxy.java:374)
	at org.springframework.security.web.session.SessionManagementFilter.doFilter(SessionManagementFilter.java:131)
	at org.springframework.security.web.session.SessionManagementFilter.doFilter(SessionManagementFilter.java:85)
	at org.springframework.security.web.FilterChainProxy$VirtualFilterChain.doFilter(FilterChainProxy.java:374)
	at org.springframework.security.web.authentication.AnonymousAuthenticationFilter.doFilter(AnonymousAuthenticationFilter.java:100)
	at org.springframework.security.web.FilterChainProxy$VirtualFilterChain.doFilter(FilterChainProxy.java:374)
	at org.springframework.security.web.servletapi.SecurityContextHolderAwareRequestFilter.doFilter(SecurityContextHolderAwareRequestFilter.java:179)
	at org.springframework.security.web.FilterChainProxy$VirtualFilterChain.doFilter(FilterChainProxy.java:374)
	at org.springframework.security.web.savedrequest.RequestCacheAwareFilter.doFilter(RequestCacheAwareFilter.java:63)
	at org.springframework.security.web.FilterChainProxy$VirtualFilterChain.doFilter(FilterChainProxy.java:374)
	at com.retailmind.security.JwtAuthenticationFilter.doFilterInternal(JwtAuthenticationFilter.java:37)
	at org.springframework.web.filter.OncePerRequestFilter.doFilter(OncePerRequestFilter.java:116)
	at org.springframework.security.web.FilterChainProxy$VirtualFilterChain.doFilter(FilterChainProxy.java:374)
	at org.springframework.security.web.authentication.logout.LogoutFilter.doFilter(LogoutFilter.java:107)
	at org.springframework.security.web.authentication.logout.LogoutFilter.doFilter(LogoutFilter.java:93)
	at org.springframework.security.web.FilterChainProxy$VirtualFilterChain.doFilter(FilterChainProxy.java:374)
	at org.springframework.web.filter.CorsFilter.doFilterInternal(CorsFilter.java:91)
	at org.springframework.web.filter.OncePerRequestFilter.doFilter(OncePerRequestFilter.java:116)
	at org.springframework.security.web.FilterChainProxy$VirtualFilterChain.doFilter(FilterChainProxy.java:374)
	at org.springframework.security.web.header.HeaderWriterFilter.doHeadersAfter(HeaderWriterFilter.java:90)
	at org.springframework.security.web.header.HeaderWriterFilter.doFilterInternal(HeaderWriterFilter.java:75)
	at org.springframework.web.filter.OncePerRequestFilter.doFilter(OncePerRequestFilter.java:116)
	at org.springframework.security.web.FilterChainProxy$VirtualFilterChain.doFilter(FilterChainProxy.java:374)
	at org.springframework.security.web.context.SecurityContextHolderFilter.doFilter(SecurityContextHolderFilter.java:82)
	at org.springframework.security.web.context.SecurityContextHolderFilter.doFilter(SecurityContextHolderFilter.java:69)
	at org.springframework.security.web.FilterChainProxy$VirtualFilterChain.doFilter(FilterChainProxy.java:374)
	at org.springframework.security.web.context.request.async.WebAsyncManagerIntegrationFilter.doFilterInternal(WebAsyncManagerIntegrationFilter.java:62)
	at org.springframework.web.filter.OncePerRequestFilter.doFilter(OncePerRequestFilter.java:116)
	at org.springframework.security.web.FilterChainProxy$VirtualFilterChain.doFilter(FilterChainProxy.java:374)
	at org.springframework.security.web.session.DisableEncodeUrlFilter.doFilterInternal(DisableEncodeUrlFilter.java:42)
	at org.springframework.web.filter.OncePerRequestFilter.doFilter(OncePerRequestFilter.java:116)
	at org.springframework.security.web.FilterChainProxy$VirtualFilterChain.doFilter(FilterChainProxy.java:374)
	at org.springframework.security.web.FilterChainProxy.doFilterInternal(FilterChainProxy.java:233)
	at org.springframework.security.web.FilterChainProxy.doFilter(FilterChainProxy.java:191)
	at org.springframework.web.filter.CompositeFilter$VirtualFilterChain.doFilter(CompositeFilter.java:113)
	at org.springframework.web.servlet.handler.HandlerMappingIntrospector.lambda$createCacheFilter$3(HandlerMappingIntrospector.java:195)
	at org.springframework.web.filter.CompositeFilter$VirtualFilterChain.doFilter(CompositeFilter.java:113)
	at org.springframework.web.filter.CompositeFilter.doFilter(CompositeFilter.java:74)
	at org.springframework.security.config.annotation.web.configuration.WebMvcSecurityConfiguration$CompositeFilterChainProxy.doFilter(WebMvcSecurityConfiguration.java:230)
	at org.springframework.web.filter.DelegatingFilterProxy.invokeDelegate(DelegatingFilterProxy.java:352)
	at org.springframework.web.filter.DelegatingFilterProxy.doFilter(DelegatingFilterProxy.java:268)
	at org.apache.catalina.core.ApplicationFilterChain.internalDoFilter(ApplicationFilterChain.java:175)
	at org.apache.catalina.core.ApplicationFilterChain.doFilter(ApplicationFilterChain.java:150)
	at org.springframework.web.filter.RequestContextFilter.doFilterInternal(RequestContextFilter.java:100)
	at org.springframework.web.filter.OncePerRequestFilter.doFilter(OncePerRequestFilter.java:116)
	at org.apache.catalina.core.ApplicationFilterChain.internalDoFilter(ApplicationFilterChain.java:175)
	at org.apache.catalina.core.ApplicationFilterChain.doFilter(ApplicationFilterChain.java:150)
	at org.springframework.web.filter.FormContentFilter.doFilterInternal(FormContentFilter.java:93)
	at org.springframework.web.filter.OncePerRequestFilter.doFilter(OncePerRequestFilter.java:116)
	at org.apache.catalina.core.ApplicationFilterChain.internalDoFilter(ApplicationFilterChain.java:175)
	at org.apache.catalina.core.ApplicationFilterChain.doFilter(ApplicationFilterChain.java:150)
	at org.springframework.web.filter.CharacterEncodingFilter.doFilterInternal(CharacterEncodingFilter.java:201)
	at org.springframework.web.filter.OncePerRequestFilter.doFilter(OncePerRequestFilter.java:116)
	at org.apache.catalina.core.ApplicationFilterChain.internalDoFilter(ApplicationFilterChain.java:175)
	at org.apache.catalina.core.ApplicationFilterChain.doFilter(ApplicationFilterChain.java:150)
	at org.apache.catalina.core.StandardWrapperValve.invoke(StandardWrapperValve.java:167)
	at org.apache.catalina.core.StandardContextValve.invoke(StandardContextValve.java:90)
	at org.apache.catalina.authenticator.AuthenticatorBase.invoke(AuthenticatorBase.java:482)
	at org.apache.catalina.core.StandardHostValve.invoke(StandardHostValve.java:115)
	at org.apache.catalina.valves.ErrorReportValve.invoke(ErrorReportValve.java:93)
	at org.apache.catalina.core.StandardEngineValve.invoke(StandardEngineValve.java:74)
	at org.apache.catalina.connector.CoyoteAdapter.service(CoyoteAdapter.java:344)
	at org.apache.coyote.http11.Http11Processor.service(Http11Processor.java:391)
	at org.apache.coyote.AbstractProcessorLight.process(AbstractProcessorLight.java:63)
	at org.apache.coyote.AbstractProtocol$ConnectionHandler.process(AbstractProtocol.java:896)
	at org.apache.tomcat.util.net.NioEndpoint$SocketProcessor.doRun(NioEndpoint.java:1736)
	at org.apache.tomcat.util.net.SocketProcessorBase.run(SocketProcessorBase.java:52)
	at org.apache.tomcat.util.threads.ThreadPoolExecutor.runWorker(ThreadPoolExecutor.java:1191)
	at org.apache.tomcat.util.threads.ThreadPoolExecutor$Worker.run(ThreadPoolExecutor.java:659)
	at org.apache.tomcat.util.threads.TaskThread$WrappingRunnable.run(TaskThread.java:63)
	at java.base/java.lang.Thread.run(Thread.java:1474)
Caused by: org.apache.catalina.connector.ClientAbortException: java.nio.channels.ClosedChannelException
	at org.apache.catalina.connector.OutputBuffer.realWriteBytes(OutputBuffer.java:341)
	at org.apache.catalina.connector.OutputBuffer.flushByteBuffer(OutputBuffer.java:776)
	at org.apache.catalina.connector.OutputBuffer.doFlush(OutputBuffer.java:292)
	at org.apache.catalina.connector.OutputBuffer.flush(OutputBuffer.java:265)
	at org.apache.catalina.connector.CoyoteOutputStream.flush(CoyoteOutputStream.java:136)
	at org.springframework.security.web.util.OnCommittedResponseWrapper$SaveContextServletOutputStream.flush(OnCommittedResponseWrapper.java:524)
	at org.springframework.web.context.request.async.StandardServletAsyncWebRequest$LifecycleServletOutputStream.flush(StandardServletAsyncWebRequest.java:389)
	... 105 common frames omitted
Caused by: java.nio.channels.ClosedChannelException: null
	at org.apache.tomcat.util.net.NioEndpoint$NioSocketWrapper.doWrite(NioEndpoint.java:1338)
	at org.apache.tomcat.util.net.SocketWrapperBase.doWrite(SocketWrapperBase.java:764)
	at org.apache.tomcat.util.net.SocketWrapperBase.writeBlocking(SocketWrapperBase.java:589)
	at org.apache.tomcat.util.net.SocketWrapperBase.write(SocketWrapperBase.java:533)
	at org.apache.coyote.http11.Http11OutputBuffer$SocketOutputBuffer.doWrite(Http11OutputBuffer.java:540)
	at org.apache.coyote.http11.filters.ChunkedOutputFilter.doWrite(ChunkedOutputFilter.java:110)
	at org.apache.coyote.http11.Http11OutputBuffer.doWrite(Http11OutputBuffer.java:193)
	at org.apache.coyote.Response.doWrite(Response.java:618)
	at org.apache.catalina.connector.OutputBuffer.realWriteBytes(OutputBuffer.java:329)
	... 111 common frames omitted
2026-05-14 12:19:00 [INFO] c.c.c.http.ApacheHttpConnectionImpl - Connection TTL: 0 ms
2026-05-14 12:19:00 [INFO] c.c.c.http.ApacheHttpConnectionImpl - Connection reuse strategy: LIFO
2026-05-14 12:19:00 [INFO] o.s.o.j.LocalContainerEntityManagerFactoryBean - Closing JPA EntityManagerFactory for persistence unit 'default'
2026-05-14 12:19:00 [INFO] com.zaxxer.hikari.HikariDataSource - HikariPool-1 - Shutdown initiated...
2026-05-14 12:19:00 [INFO] com.zaxxer.hikari.HikariDataSource - HikariPool-1 - Shutdown completed.
2026-05-14 12:28:58 [INFO] c.retailmind.RetailmindApplication - Starting RetailmindApplication using Java 25.0.3 with PID 44404 (C:\Users\ASUS\Documents\UTEQ\6 SEMESTRE\Construccion de software\1M6DatosCS\retailmind-backend\target\classes started by ASUS in C:\Users\ASUS\Documents\UTEQ\6 SEMESTRE\Construccion de software\1M6DatosCS\retailmind-backend)
2026-05-14 12:28:58 [INFO] c.retailmind.RetailmindApplication - No active profile set, falling back to 1 default profile: "default"
2026-05-14 12:28:59 [INFO] o.s.d.r.c.RepositoryConfigurationDelegate - Bootstrapping Spring Data JPA repositories in DEFAULT mode.
2026-05-14 12:28:59 [INFO] o.s.d.r.c.RepositoryConfigurationDelegate - Finished Spring Data repository scanning in 49 ms. Found 14 JPA repository interfaces.
2026-05-14 12:28:59 [INFO] o.s.b.w.e.tomcat.TomcatWebServer - Tomcat initialized with port 8080 (http)
2026-05-14 12:28:59 [INFO] o.a.catalina.core.StandardService - Starting service [Tomcat]
2026-05-14 12:28:59 [INFO] o.a.catalina.core.StandardEngine - Starting Servlet engine: [Apache Tomcat/10.1.20]
2026-05-14 12:28:59 [INFO] o.a.c.c.C.[Tomcat].[localhost].[/] - Initializing Spring embedded WebApplicationContext
2026-05-14 12:28:59 [INFO] o.s.b.w.s.c.ServletWebServerApplicationContext - Root WebApplicationContext: initialization completed in 695 ms
2026-05-14 12:28:59 [INFO] o.h.jpa.internal.util.LogHelper - HHH000204: Processing PersistenceUnitInfo [name: default]
2026-05-14 12:28:59 [INFO] org.hibernate.Version - HHH000412: Hibernate ORM core version 6.4.4.Final
2026-05-14 12:28:59 [INFO] o.h.c.i.RegionFactoryInitiator - HHH000026: Second-level cache disabled
2026-05-14 12:28:59 [INFO] o.s.o.j.p.SpringPersistenceUnitInfo - No LoadTimeWeaver setup: ignoring JPA class transformer
2026-05-14 12:28:59 [INFO] com.zaxxer.hikari.HikariDataSource - HikariPool-1 - Starting...
2026-05-14 12:29:04 [INFO] com.zaxxer.hikari.pool.HikariPool - HikariPool-1 - Added connection org.postgresql.jdbc.PgConnection@4e67cfe1
2026-05-14 12:29:04 [INFO] com.zaxxer.hikari.HikariDataSource - HikariPool-1 - Start completed.
2026-05-14 12:29:04 [WARN] org.hibernate.orm.deprecation - HHH90000025: PostgreSQLDialect does not need to be specified explicitly using 'hibernate.dialect' (remove the property setting and it will be selected by default)
2026-05-14 12:29:05 [INFO] o.h.e.t.j.p.i.JtaPlatformInitiator - HHH000489: No JTA platform available (set 'hibernate.transaction.jta.platform' to enable JTA platform integration)
2026-05-14 12:29:05 [INFO] o.s.o.j.LocalContainerEntityManagerFactoryBean - Initialized JPA EntityManagerFactory for persistence unit 'default'
2026-05-14 12:29:05 [INFO] o.s.d.j.r.query.QueryEnhancerFactory - Hibernate is in classpath; If applicable, HQL parser will be used.
2026-05-14 12:29:05 [INFO] o.s.s.web.DefaultSecurityFilterChain - Will secure any request with [org.springframework.security.web.session.DisableEncodeUrlFilter@5efb7f82, org.springframework.security.web.context.request.async.WebAsyncManagerIntegrationFilter@34775090, org.springframework.security.web.context.SecurityContextHolderFilter@70201785, org.springframework.security.web.header.HeaderWriterFilter@15045e40, org.springframework.web.filter.CorsFilter@7e772d11, org.springframework.security.web.authentication.logout.LogoutFilter@7abe3d53, com.retailmind.security.JwtAuthenticationFilter@2b4ba2d9, org.springframework.security.web.savedrequest.RequestCacheAwareFilter@649a76c1, org.springframework.security.web.servletapi.SecurityContextHolderAwareRequestFilter@2394fad2, org.springframework.security.web.authentication.AnonymousAuthenticationFilter@76ad0058, org.springframework.security.web.session.SessionManagementFilter@7cd50c3d, org.springframework.security.web.access.ExceptionTranslationFilter@612e1c6e, org.springframework.security.web.access.intercept.AuthorizationFilter@5f36ba0f]
2026-05-14 12:29:06 [INFO] o.s.b.w.e.tomcat.TomcatWebServer - Tomcat started on port 8080 (http) with context path ''
2026-05-14 12:29:06 [INFO] c.retailmind.RetailmindApplication - Started RetailmindApplication in 7.559 seconds (process running for 7.772)
2026-05-14 12:29:06 [INFO] com.zaxxer.hikari.HikariDataSource - HikariPool-2 - Starting...
2026-05-14 12:29:06 [INFO] c.c.c.http.ApacheHttpConnectionImpl - Connection TTL: 0 ms
2026-05-14 12:29:06 [INFO] c.c.c.http.ApacheHttpConnectionImpl - Connection reuse strategy: LIFO
2026-05-14 12:29:06 [INFO] com.zaxxer.hikari.pool.HikariPool - HikariPool-2 - Added connection com.clickhouse.jdbc.internal.ClickHouseConnectionImpl@664c0019
2026-05-14 12:29:06 [INFO] com.zaxxer.hikari.HikariDataSource - HikariPool-2 - Start completed.
2026-05-14 12:29:06 [INFO] o.s.b.a.l.ConditionEvaluationReportLogger - 

Error starting ApplicationContext. To display the condition evaluation report re-run your application with 'debug' enabled.
2026-05-14 12:29:06 [ERROR] o.s.boot.SpringApplication - Application run failed
org.springframework.jdbc.BadSqlGrammarException: StatementCallback; bad SQL grammar [CREATE TABLE IF NOT EXISTS usuarios_sistema (
    id         SERIAL PRIMARY KEY,
    username   VARCHAR(50) UNIQUE NOT NULL,
    password   VARCHAR(255) NOT NULL,
    nombre     VARCHAR(100),
    rol        VARCHAR(20) NOT NULL DEFAULT 'VIEWER',
    activo     BOOLEAN NOT NULL DEFAULT true,
    created_at TIMESTAMP DEFAULT NOW()
)
]
	at org.springframework.jdbc.support.SQLStateSQLExceptionTranslator.doTranslate(SQLStateSQLExceptionTranslator.java:112)
	at org.springframework.jdbc.support.AbstractFallbackSQLExceptionTranslator.translate(AbstractFallbackSQLExceptionTranslator.java:107)
	at org.springframework.jdbc.support.AbstractFallbackSQLExceptionTranslator.translate(AbstractFallbackSQLExceptionTranslator.java:116)
	at org.springframework.jdbc.core.JdbcTemplate.translateException(JdbcTemplate.java:1548)
	at org.springframework.jdbc.core.JdbcTemplate.execute(JdbcTemplate.java:408)
	at org.springframework.jdbc.core.JdbcTemplate.execute(JdbcTemplate.java:444)
	at com.retailmind.migration.DataInitializer.run(DataInitializer.java:31)
	at org.springframework.boot.SpringApplication.lambda$callRunner$4(SpringApplication.java:786)
	at org.springframework.util.function.ThrowingConsumer$1.acceptWithException(ThrowingConsumer.java:83)
	at org.springframework.util.function.ThrowingConsumer.accept(ThrowingConsumer.java:60)
	at org.springframework.util.function.ThrowingConsumer$1.accept(ThrowingConsumer.java:88)
	at org.springframework.boot.SpringApplication.callRunner(SpringApplication.java:798)
	at org.springframework.boot.SpringApplication.callRunner(SpringApplication.java:786)
	at org.springframework.boot.SpringApplication.lambda$callRunners$3(SpringApplication.java:774)
	at java.base/java.util.stream.ForEachOps$ForEachOp$OfRef.accept(ForEachOps.java:186)
	at java.base/java.util.stream.SortedOps$SizedRefSortingSink.end(SortedOps.java:357)
	at java.base/java.util.stream.AbstractPipeline.copyInto(AbstractPipeline.java:571)
	at java.base/java.util.stream.AbstractPipeline.wrapAndCopyInto(AbstractPipeline.java:560)
	at java.base/java.util.stream.ForEachOps$ForEachOp.evaluateSequential(ForEachOps.java:153)
	at java.base/java.util.stream.ForEachOps$ForEachOp$OfRef.evaluateSequential(ForEachOps.java:176)
	at java.base/java.util.stream.AbstractPipeline.evaluate(AbstractPipeline.java:265)
	at java.base/java.util.stream.ReferencePipeline.forEach(ReferencePipeline.java:632)
	at org.springframework.boot.SpringApplication.callRunners(SpringApplication.java:774)
	at org.springframework.boot.SpringApplication.run(SpringApplication.java:341)
	at org.springframework.boot.SpringApplication.run(SpringApplication.java:1354)
	at org.springframework.boot.SpringApplication.run(SpringApplication.java:1343)
	at com.retailmind.RetailmindApplication.main(RetailmindApplication.java:12)
Caused by: java.sql.SQLException: LZ4 is not supported. Please disable compression(compress=0), modify the algorithm(e.g. compress_algorithm=gzip), or add the missing libraries to the classpath.
	at com.clickhouse.jdbc.SqlExceptionUtils.handle(SqlExceptionUtils.java:85)
	at com.clickhouse.jdbc.SqlExceptionUtils.create(SqlExceptionUtils.java:31)
	at com.clickhouse.jdbc.SqlExceptionUtils.handle(SqlExceptionUtils.java:90)
	at com.clickhouse.jdbc.internal.ClickHouseStatementImpl.sendRequest(ClickHouseStatementImpl.java:375)
	at com.clickhouse.jdbc.internal.ClickHouseStatementImpl.getLastResponse(ClickHouseStatementImpl.java:142)
	at com.clickhouse.jdbc.internal.ClickHouseStatementImpl.executeQuery(ClickHouseStatementImpl.java:541)
	at com.clickhouse.jdbc.internal.ClickHouseStatementImpl.execute(ClickHouseStatementImpl.java:529)
	at com.zaxxer.hikari.pool.ProxyStatement.execute(ProxyStatement.java:94)
	at com.zaxxer.hikari.pool.HikariProxyStatement.execute(HikariProxyStatement.java)
	at org.springframework.jdbc.core.JdbcTemplate$1ExecuteStatementCallback.doInStatement(JdbcTemplate.java:435)
	at org.springframework.jdbc.core.JdbcTemplate.execute(JdbcTemplate.java:393)
	... 22 common frames omitted
Caused by: java.lang.UnsupportedOperationException: LZ4 is not supported. Please disable compression(compress=0), modify the algorithm(e.g. compress_algorithm=gzip), or add the missing libraries to the classpath.
	at com.clickhouse.data.ClickHouseCompressionAlgorithm.createInputStream(ClickHouseCompressionAlgorithm.java:61)
	at com.clickhouse.data.ClickHouseInputStream.wrap(ClickHouseInputStream.java:98)
	at com.clickhouse.data.ClickHouseInputStream.of(ClickHouseInputStream.java:294)
	at com.clickhouse.client.ClickHouseClient.getResponseInputStream(ClickHouseClient.java:167)
	at com.clickhouse.client.http.ApacheHttpConnectionImpl.checkResponse(ApacheHttpConnectionImpl.java:219)
	at com.clickhouse.client.http.ApacheHttpConnectionImpl.post(ApacheHttpConnectionImpl.java:304)
	at com.clickhouse.client.http.ClickHouseHttpClient.send(ClickHouseHttpClient.java:195)
	at com.clickhouse.client.AbstractClient.execute(AbstractClient.java:280)
	at com.clickhouse.client.ClickHouseClientBuilder$Agent.sendOnce(ClickHouseClientBuilder.java:282)
	at com.clickhouse.client.ClickHouseClientBuilder$Agent.send(ClickHouseClientBuilder.java:294)
	at com.clickhouse.client.ClickHouseClientBuilder$Agent.execute(ClickHouseClientBuilder.java:349)
	at com.clickhouse.client.ClickHouseClient.executeAndWait(ClickHouseClient.java:878)
	at com.clickhouse.client.ClickHouseRequest.executeAndWait(ClickHouseRequest.java:2154)
	at com.clickhouse.jdbc.internal.ClickHouseStatementImpl.sendRequest(ClickHouseStatementImpl.java:366)
	... 29 common frames omitted
2026-05-14 12:29:06 [INFO] o.s.o.j.LocalContainerEntityManagerFactoryBean - Closing JPA EntityManagerFactory for persistence unit 'default'
2026-05-14 12:29:06 [INFO] com.zaxxer.hikari.HikariDataSource - HikariPool-1 - Shutdown initiated...
2026-05-14 12:29:06 [INFO] com.zaxxer.hikari.HikariDataSource - HikariPool-1 - Shutdown completed.
2026-05-14 12:33:30 [INFO] c.retailmind.RetailmindApplication - Starting RetailmindApplication using Java 25.0.3 with PID 45920 (C:\Users\ASUS\Documents\UTEQ\6 SEMESTRE\Construccion de software\1M6DatosCS\retailmind-backend\target\classes started by ASUS in C:\Users\ASUS\Documents\UTEQ\6 SEMESTRE\Construccion de software\1M6DatosCS\retailmind-backend)
2026-05-14 12:33:30 [INFO] c.retailmind.RetailmindApplication - No active profile set, falling back to 1 default profile: "default"
2026-05-14 12:33:31 [INFO] o.s.d.r.c.RepositoryConfigurationDelegate - Bootstrapping Spring Data JPA repositories in DEFAULT mode.
2026-05-14 12:33:31 [INFO] o.s.d.r.c.RepositoryConfigurationDelegate - Finished Spring Data repository scanning in 55 ms. Found 14 JPA repository interfaces.
2026-05-14 12:33:31 [INFO] o.s.b.w.e.tomcat.TomcatWebServer - Tomcat initialized with port 8080 (http)
2026-05-14 12:33:31 [INFO] o.a.catalina.core.StandardService - Starting service [Tomcat]
2026-05-14 12:33:31 [INFO] o.a.catalina.core.StandardEngine - Starting Servlet engine: [Apache Tomcat/10.1.20]
2026-05-14 12:33:31 [INFO] o.a.c.c.C.[Tomcat].[localhost].[/] - Initializing Spring embedded WebApplicationContext
2026-05-14 12:33:31 [INFO] o.s.b.w.s.c.ServletWebServerApplicationContext - Root WebApplicationContext: initialization completed in 925 ms
2026-05-14 12:33:31 [INFO] o.h.jpa.internal.util.LogHelper - HHH000204: Processing PersistenceUnitInfo [name: default]
2026-05-14 12:33:31 [INFO] org.hibernate.Version - HHH000412: Hibernate ORM core version 6.4.4.Final
2026-05-14 12:33:31 [INFO] o.h.c.i.RegionFactoryInitiator - HHH000026: Second-level cache disabled
2026-05-14 12:33:31 [INFO] o.s.o.j.p.SpringPersistenceUnitInfo - No LoadTimeWeaver setup: ignoring JPA class transformer
2026-05-14 12:33:31 [INFO] com.zaxxer.hikari.HikariDataSource - HikariPool-1 - Starting...
2026-05-14 12:33:37 [INFO] com.zaxxer.hikari.pool.HikariPool - HikariPool-1 - Added connection org.postgresql.jdbc.PgConnection@b01cb8d
2026-05-14 12:33:37 [INFO] com.zaxxer.hikari.HikariDataSource - HikariPool-1 - Start completed.
2026-05-14 12:33:37 [WARN] org.hibernate.orm.deprecation - HHH90000025: PostgreSQLDialect does not need to be specified explicitly using 'hibernate.dialect' (remove the property setting and it will be selected by default)
2026-05-14 12:33:37 [INFO] o.h.e.t.j.p.i.JtaPlatformInitiator - HHH000489: No JTA platform available (set 'hibernate.transaction.jta.platform' to enable JTA platform integration)
2026-05-14 12:33:37 [INFO] o.s.o.j.LocalContainerEntityManagerFactoryBean - Initialized JPA EntityManagerFactory for persistence unit 'default'
2026-05-14 12:33:37 [INFO] o.s.d.j.r.query.QueryEnhancerFactory - Hibernate is in classpath; If applicable, HQL parser will be used.
2026-05-14 12:33:38 [WARN] o.s.b.w.s.c.AnnotationConfigServletWebServerApplicationContext - Exception encountered during context initialization - cancelling refresh attempt: org.springframework.beans.factory.UnsatisfiedDependencyException: Error creating bean with name 'dashboardController' defined in file [C:\Users\ASUS\Documents\UTEQ\6 SEMESTRE\Construccion de software\1M6DatosCS\retailmind-backend\target\classes\com\retailmind\controller\DashboardController.class]: Unsatisfied dependency expressed through constructor parameter 0: Error creating bean with name 'dashboardService' defined in file [C:\Users\ASUS\Documents\UTEQ\6 SEMESTRE\Construccion de software\1M6DatosCS\retailmind-backend\target\classes\com\retailmind\service\DashboardService.class]: Unsatisfied dependency expressed through constructor parameter 1: No qualifying bean of type 'org.springframework.jdbc.core.JdbcTemplate' available: expected at least 1 bean which qualifies as autowire candidate. Dependency annotations: {@org.springframework.beans.factory.annotation.Qualifier("jdbcTemplate")}
2026-05-14 12:33:38 [INFO] o.s.o.j.LocalContainerEntityManagerFactoryBean - Closing JPA EntityManagerFactory for persistence unit 'default'
2026-05-14 12:33:38 [INFO] com.zaxxer.hikari.HikariDataSource - HikariPool-1 - Shutdown initiated...
2026-05-14 12:33:38 [INFO] com.zaxxer.hikari.HikariDataSource - HikariPool-1 - Shutdown completed.
2026-05-14 12:33:38 [INFO] o.a.catalina.core.StandardService - Stopping service [Tomcat]
2026-05-14 12:33:38 [INFO] o.s.b.a.l.ConditionEvaluationReportLogger - 

Error starting ApplicationContext. To display the condition evaluation report re-run your application with 'debug' enabled.
2026-05-14 12:33:38 [ERROR] o.s.boot.SpringApplication - Application run failed
org.springframework.beans.factory.UnsatisfiedDependencyException: Error creating bean with name 'dashboardController' defined in file [C:\Users\ASUS\Documents\UTEQ\6 SEMESTRE\Construccion de software\1M6DatosCS\retailmind-backend\target\classes\com\retailmind\controller\DashboardController.class]: Unsatisfied dependency expressed through constructor parameter 0: Error creating bean with name 'dashboardService' defined in file [C:\Users\ASUS\Documents\UTEQ\6 SEMESTRE\Construccion de software\1M6DatosCS\retailmind-backend\target\classes\com\retailmind\service\DashboardService.class]: Unsatisfied dependency expressed through constructor parameter 1: No qualifying bean of type 'org.springframework.jdbc.core.JdbcTemplate' available: expected at least 1 bean which qualifies as autowire candidate. Dependency annotations: {@org.springframework.beans.factory.annotation.Qualifier("jdbcTemplate")}
	at org.springframework.beans.factory.support.ConstructorResolver.createArgumentArray(ConstructorResolver.java:795)
	at org.springframework.beans.factory.support.ConstructorResolver.autowireConstructor(ConstructorResolver.java:237)
	at org.springframework.beans.factory.support.AbstractAutowireCapableBeanFactory.autowireConstructor(AbstractAutowireCapableBeanFactory.java:1355)
	at org.springframework.beans.factory.support.AbstractAutowireCapableBeanFactory.createBeanInstance(AbstractAutowireCapableBeanFactory.java:1192)
	at org.springframework.beans.factory.support.AbstractAutowireCapableBeanFactory.doCreateBean(AbstractAutowireCapableBeanFactory.java:562)
	at org.springframework.beans.factory.support.AbstractAutowireCapableBeanFactory.createBean(AbstractAutowireCapableBeanFactory.java:522)
	at org.springframework.beans.factory.support.AbstractBeanFactory.lambda$doGetBean$0(AbstractBeanFactory.java:326)
	at org.springframework.beans.factory.support.DefaultSingletonBeanRegistry.getSingleton(DefaultSingletonBeanRegistry.java:234)
	at org.springframework.beans.factory.support.AbstractBeanFactory.doGetBean(AbstractBeanFactory.java:324)
	at org.springframework.beans.factory.support.AbstractBeanFactory.getBean(AbstractBeanFactory.java:200)
	at org.springframework.beans.factory.support.DefaultListableBeanFactory.preInstantiateSingletons(DefaultListableBeanFactory.java:975)
	at org.springframework.context.support.AbstractApplicationContext.finishBeanFactoryInitialization(AbstractApplicationContext.java:962)
	at org.springframework.context.support.AbstractApplicationContext.refresh(AbstractApplicationContext.java:624)
	at org.springframework.boot.web.servlet.context.ServletWebServerApplicationContext.refresh(ServletWebServerApplicationContext.java:146)
	at org.springframework.boot.SpringApplication.refresh(SpringApplication.java:754)
	at org.springframework.boot.SpringApplication.refreshContext(SpringApplication.java:456)
	at org.springframework.boot.SpringApplication.run(SpringApplication.java:334)
	at org.springframework.boot.SpringApplication.run(SpringApplication.java:1354)
	at org.springframework.boot.SpringApplication.run(SpringApplication.java:1343)
	at com.retailmind.RetailmindApplication.main(RetailmindApplication.java:12)
Caused by: org.springframework.beans.factory.UnsatisfiedDependencyException: Error creating bean with name 'dashboardService' defined in file [C:\Users\ASUS\Documents\UTEQ\6 SEMESTRE\Construccion de software\1M6DatosCS\retailmind-backend\target\classes\com\retailmind\service\DashboardService.class]: Unsatisfied dependency expressed through constructor parameter 1: No qualifying bean of type 'org.springframework.jdbc.core.JdbcTemplate' available: expected at least 1 bean which qualifies as autowire candidate. Dependency annotations: {@org.springframework.beans.factory.annotation.Qualifier("jdbcTemplate")}
	at org.springframework.beans.factory.support.ConstructorResolver.createArgumentArray(ConstructorResolver.java:795)
	at org.springframework.beans.factory.support.ConstructorResolver.autowireConstructor(ConstructorResolver.java:237)
	at org.springframework.beans.factory.support.AbstractAutowireCapableBeanFactory.autowireConstructor(AbstractAutowireCapableBeanFactory.java:1355)
	at org.springframework.beans.factory.support.AbstractAutowireCapableBeanFactory.createBeanInstance(AbstractAutowireCapableBeanFactory.java:1192)
	at org.springframework.beans.factory.support.AbstractAutowireCapableBeanFactory.doCreateBean(AbstractAutowireCapableBeanFactory.java:562)
	at org.springframework.beans.factory.support.AbstractAutowireCapableBeanFactory.createBean(AbstractAutowireCapableBeanFactory.java:522)
	at org.springframework.beans.factory.support.AbstractBeanFactory.lambda$doGetBean$0(AbstractBeanFactory.java:326)
	at org.springframework.beans.factory.support.DefaultSingletonBeanRegistry.getSingleton(DefaultSingletonBeanRegistry.java:234)
	at org.springframework.beans.factory.support.AbstractBeanFactory.doGetBean(AbstractBeanFactory.java:324)
	at org.springframework.beans.factory.support.AbstractBeanFactory.getBean(AbstractBeanFactory.java:200)
	at org.springframework.beans.factory.config.DependencyDescriptor.resolveCandidate(DependencyDescriptor.java:254)
	at org.springframework.beans.factory.support.DefaultListableBeanFactory.doResolveDependency(DefaultListableBeanFactory.java:1443)
	at org.springframework.beans.factory.support.DefaultListableBeanFactory.resolveDependency(DefaultListableBeanFactory.java:1353)
	at org.springframework.beans.factory.support.ConstructorResolver.resolveAutowiredArgument(ConstructorResolver.java:904)
	at org.springframework.beans.factory.support.ConstructorResolver.createArgumentArray(ConstructorResolver.java:782)
	... 19 common frames omitted
Caused by: org.springframework.beans.factory.NoSuchBeanDefinitionException: No qualifying bean of type 'org.springframework.jdbc.core.JdbcTemplate' available: expected at least 1 bean which qualifies as autowire candidate. Dependency annotations: {@org.springframework.beans.factory.annotation.Qualifier("jdbcTemplate")}
	at org.springframework.beans.factory.support.DefaultListableBeanFactory.raiseNoMatchingBeanFound(DefaultListableBeanFactory.java:1880)
	at org.springframework.beans.factory.support.DefaultListableBeanFactory.doResolveDependency(DefaultListableBeanFactory.java:1406)
	at org.springframework.beans.factory.support.DefaultListableBeanFactory.resolveDependency(DefaultListableBeanFactory.java:1353)
	at org.springframework.beans.factory.support.ConstructorResolver.resolveAutowiredArgument(ConstructorResolver.java:904)
	at org.springframework.beans.factory.support.ConstructorResolver.createArgumentArray(ConstructorResolver.java:782)
	... 33 common frames omitted
2026-05-14 12:34:17 [INFO] c.retailmind.RetailmindApplication - Starting RetailmindApplication using Java 25.0.3 with PID 21896 (C:\Users\ASUS\Documents\UTEQ\6 SEMESTRE\Construccion de software\1M6DatosCS\retailmind-backend\target\classes started by ASUS in C:\Users\ASUS\Documents\UTEQ\6 SEMESTRE\Construccion de software\1M6DatosCS\retailmind-backend)
2026-05-14 12:34:17 [INFO] c.retailmind.RetailmindApplication - No active profile set, falling back to 1 default profile: "default"
2026-05-14 12:34:17 [INFO] o.s.d.r.c.RepositoryConfigurationDelegate - Bootstrapping Spring Data JPA repositories in DEFAULT mode.
2026-05-14 12:34:17 [INFO] o.s.d.r.c.RepositoryConfigurationDelegate - Finished Spring Data repository scanning in 40 ms. Found 14 JPA repository interfaces.
2026-05-14 12:34:17 [INFO] o.s.b.w.e.tomcat.TomcatWebServer - Tomcat initialized with port 8080 (http)
2026-05-14 12:34:17 [INFO] o.a.catalina.core.StandardService - Starting service [Tomcat]
2026-05-14 12:34:17 [INFO] o.a.catalina.core.StandardEngine - Starting Servlet engine: [Apache Tomcat/10.1.20]
2026-05-14 12:34:17 [INFO] o.a.c.c.C.[Tomcat].[localhost].[/] - Initializing Spring embedded WebApplicationContext
2026-05-14 12:34:17 [INFO] o.s.b.w.s.c.ServletWebServerApplicationContext - Root WebApplicationContext: initialization completed in 646 ms
2026-05-14 12:34:17 [INFO] o.h.jpa.internal.util.LogHelper - HHH000204: Processing PersistenceUnitInfo [name: default]
2026-05-14 12:34:17 [INFO] org.hibernate.Version - HHH000412: Hibernate ORM core version 6.4.4.Final
2026-05-14 12:34:17 [INFO] o.h.c.i.RegionFactoryInitiator - HHH000026: Second-level cache disabled
2026-05-14 12:34:18 [INFO] o.s.o.j.p.SpringPersistenceUnitInfo - No LoadTimeWeaver setup: ignoring JPA class transformer
2026-05-14 12:34:18 [INFO] com.zaxxer.hikari.HikariDataSource - HikariPool-1 - Starting...
2026-05-14 12:34:23 [INFO] com.zaxxer.hikari.pool.HikariPool - HikariPool-1 - Added connection org.postgresql.jdbc.PgConnection@b01cb8d
2026-05-14 12:34:23 [INFO] com.zaxxer.hikari.HikariDataSource - HikariPool-1 - Start completed.
2026-05-14 12:34:23 [WARN] org.hibernate.orm.deprecation - HHH90000025: PostgreSQLDialect does not need to be specified explicitly using 'hibernate.dialect' (remove the property setting and it will be selected by default)
2026-05-14 12:34:23 [INFO] o.h.e.t.j.p.i.JtaPlatformInitiator - HHH000489: No JTA platform available (set 'hibernate.transaction.jta.platform' to enable JTA platform integration)
2026-05-14 12:34:23 [INFO] o.s.o.j.LocalContainerEntityManagerFactoryBean - Initialized JPA EntityManagerFactory for persistence unit 'default'
2026-05-14 12:34:23 [INFO] o.s.d.j.r.query.QueryEnhancerFactory - Hibernate is in classpath; If applicable, HQL parser will be used.
2026-05-14 12:34:24 [WARN] o.s.b.w.s.c.AnnotationConfigServletWebServerApplicationContext - Exception encountered during context initialization - cancelling refresh attempt: org.springframework.beans.factory.UnsatisfiedDependencyException: Error creating bean with name 'dashboardController' defined in file [C:\Users\ASUS\Documents\UTEQ\6 SEMESTRE\Construccion de software\1M6DatosCS\retailmind-backend\target\classes\com\retailmind\controller\DashboardController.class]: Unsatisfied dependency expressed through constructor parameter 0: Error creating bean with name 'dashboardService' defined in file [C:\Users\ASUS\Documents\UTEQ\6 SEMESTRE\Construccion de software\1M6DatosCS\retailmind-backend\target\classes\com\retailmind\service\DashboardService.class]: Unsatisfied dependency expressed through constructor parameter 1: No qualifying bean of type 'org.springframework.jdbc.core.JdbcTemplate' available: expected at least 1 bean which qualifies as autowire candidate. Dependency annotations: {@org.springframework.beans.factory.annotation.Qualifier("jdbcTemplate")}
2026-05-14 12:34:24 [INFO] o.s.o.j.LocalContainerEntityManagerFactoryBean - Closing JPA EntityManagerFactory for persistence unit 'default'
2026-05-14 12:34:24 [INFO] com.zaxxer.hikari.HikariDataSource - HikariPool-1 - Shutdown initiated...
2026-05-14 12:34:24 [INFO] com.zaxxer.hikari.HikariDataSource - HikariPool-1 - Shutdown completed.
2026-05-14 12:34:24 [INFO] o.a.catalina.core.StandardService - Stopping service [Tomcat]
2026-05-14 12:34:24 [INFO] o.s.b.a.l.ConditionEvaluationReportLogger - 

Error starting ApplicationContext. To display the condition evaluation report re-run your application with 'debug' enabled.
2026-05-14 12:34:24 [ERROR] o.s.boot.SpringApplication - Application run failed
org.springframework.beans.factory.UnsatisfiedDependencyException: Error creating bean with name 'dashboardController' defined in file [C:\Users\ASUS\Documents\UTEQ\6 SEMESTRE\Construccion de software\1M6DatosCS\retailmind-backend\target\classes\com\retailmind\controller\DashboardController.class]: Unsatisfied dependency expressed through constructor parameter 0: Error creating bean with name 'dashboardService' defined in file [C:\Users\ASUS\Documents\UTEQ\6 SEMESTRE\Construccion de software\1M6DatosCS\retailmind-backend\target\classes\com\retailmind\service\DashboardService.class]: Unsatisfied dependency expressed through constructor parameter 1: No qualifying bean of type 'org.springframework.jdbc.core.JdbcTemplate' available: expected at least 1 bean which qualifies as autowire candidate. Dependency annotations: {@org.springframework.beans.factory.annotation.Qualifier("jdbcTemplate")}
	at org.springframework.beans.factory.support.ConstructorResolver.createArgumentArray(ConstructorResolver.java:795)
	at org.springframework.beans.factory.support.ConstructorResolver.autowireConstructor(ConstructorResolver.java:237)
	at org.springframework.beans.factory.support.AbstractAutowireCapableBeanFactory.autowireConstructor(AbstractAutowireCapableBeanFactory.java:1355)
	at org.springframework.beans.factory.support.AbstractAutowireCapableBeanFactory.createBeanInstance(AbstractAutowireCapableBeanFactory.java:1192)
	at org.springframework.beans.factory.support.AbstractAutowireCapableBeanFactory.doCreateBean(AbstractAutowireCapableBeanFactory.java:562)
	at org.springframework.beans.factory.support.AbstractAutowireCapableBeanFactory.createBean(AbstractAutowireCapableBeanFactory.java:522)
	at org.springframework.beans.factory.support.AbstractBeanFactory.lambda$doGetBean$0(AbstractBeanFactory.java:326)
	at org.springframework.beans.factory.support.DefaultSingletonBeanRegistry.getSingleton(DefaultSingletonBeanRegistry.java:234)
	at org.springframework.beans.factory.support.AbstractBeanFactory.doGetBean(AbstractBeanFactory.java:324)
	at org.springframework.beans.factory.support.AbstractBeanFactory.getBean(AbstractBeanFactory.java:200)
	at org.springframework.beans.factory.support.DefaultListableBeanFactory.preInstantiateSingletons(DefaultListableBeanFactory.java:975)
	at org.springframework.context.support.AbstractApplicationContext.finishBeanFactoryInitialization(AbstractApplicationContext.java:962)
	at org.springframework.context.support.AbstractApplicationContext.refresh(AbstractApplicationContext.java:624)
	at org.springframework.boot.web.servlet.context.ServletWebServerApplicationContext.refresh(ServletWebServerApplicationContext.java:146)
	at org.springframework.boot.SpringApplication.refresh(SpringApplication.java:754)
	at org.springframework.boot.SpringApplication.refreshContext(SpringApplication.java:456)
	at org.springframework.boot.SpringApplication.run(SpringApplication.java:334)
	at org.springframework.boot.SpringApplication.run(SpringApplication.java:1354)
	at org.springframework.boot.SpringApplication.run(SpringApplication.java:1343)
	at com.retailmind.RetailmindApplication.main(RetailmindApplication.java:12)
Caused by: org.springframework.beans.factory.UnsatisfiedDependencyException: Error creating bean with name 'dashboardService' defined in file [C:\Users\ASUS\Documents\UTEQ\6 SEMESTRE\Construccion de software\1M6DatosCS\retailmind-backend\target\classes\com\retailmind\service\DashboardService.class]: Unsatisfied dependency expressed through constructor parameter 1: No qualifying bean of type 'org.springframework.jdbc.core.JdbcTemplate' available: expected at least 1 bean which qualifies as autowire candidate. Dependency annotations: {@org.springframework.beans.factory.annotation.Qualifier("jdbcTemplate")}
	at org.springframework.beans.factory.support.ConstructorResolver.createArgumentArray(ConstructorResolver.java:795)
	at org.springframework.beans.factory.support.ConstructorResolver.autowireConstructor(ConstructorResolver.java:237)
	at org.springframework.beans.factory.support.AbstractAutowireCapableBeanFactory.autowireConstructor(AbstractAutowireCapableBeanFactory.java:1355)
	at org.springframework.beans.factory.support.AbstractAutowireCapableBeanFactory.createBeanInstance(AbstractAutowireCapableBeanFactory.java:1192)
	at org.springframework.beans.factory.support.AbstractAutowireCapableBeanFactory.doCreateBean(AbstractAutowireCapableBeanFactory.java:562)
	at org.springframework.beans.factory.support.AbstractAutowireCapableBeanFactory.createBean(AbstractAutowireCapableBeanFactory.java:522)
	at org.springframework.beans.factory.support.AbstractBeanFactory.lambda$doGetBean$0(AbstractBeanFactory.java:326)
	at org.springframework.beans.factory.support.DefaultSingletonBeanRegistry.getSingleton(DefaultSingletonBeanRegistry.java:234)
	at org.springframework.beans.factory.support.AbstractBeanFactory.doGetBean(AbstractBeanFactory.java:324)
	at org.springframework.beans.factory.support.AbstractBeanFactory.getBean(AbstractBeanFactory.java:200)
	at org.springframework.beans.factory.config.DependencyDescriptor.resolveCandidate(DependencyDescriptor.java:254)
	at org.springframework.beans.factory.support.DefaultListableBeanFactory.doResolveDependency(DefaultListableBeanFactory.java:1443)
	at org.springframework.beans.factory.support.DefaultListableBeanFactory.resolveDependency(DefaultListableBeanFactory.java:1353)
	at org.springframework.beans.factory.support.ConstructorResolver.resolveAutowiredArgument(ConstructorResolver.java:904)
	at org.springframework.beans.factory.support.ConstructorResolver.createArgumentArray(ConstructorResolver.java:782)
	... 19 common frames omitted
Caused by: org.springframework.beans.factory.NoSuchBeanDefinitionException: No qualifying bean of type 'org.springframework.jdbc.core.JdbcTemplate' available: expected at least 1 bean which qualifies as autowire candidate. Dependency annotations: {@org.springframework.beans.factory.annotation.Qualifier("jdbcTemplate")}
	at org.springframework.beans.factory.support.DefaultListableBeanFactory.raiseNoMatchingBeanFound(DefaultListableBeanFactory.java:1880)
	at org.springframework.beans.factory.support.DefaultListableBeanFactory.doResolveDependency(DefaultListableBeanFactory.java:1406)
	at org.springframework.beans.factory.support.DefaultListableBeanFactory.resolveDependency(DefaultListableBeanFactory.java:1353)
	at org.springframework.beans.factory.support.ConstructorResolver.resolveAutowiredArgument(ConstructorResolver.java:904)
	at org.springframework.beans.factory.support.ConstructorResolver.createArgumentArray(ConstructorResolver.java:782)
	... 33 common frames omitted
2026-05-14 12:36:10 [INFO] c.retailmind.RetailmindApplication - Starting RetailmindApplication using Java 25.0.3 with PID 40856 (C:\Users\ASUS\Documents\UTEQ\6 SEMESTRE\Construccion de software\1M6DatosCS\retailmind-backend\target\classes started by ASUS in C:\Users\ASUS\Documents\UTEQ\6 SEMESTRE\Construccion de software\1M6DatosCS\retailmind-backend)
2026-05-14 12:36:10 [INFO] c.retailmind.RetailmindApplication - No active profile set, falling back to 1 default profile: "default"
2026-05-14 12:36:11 [INFO] o.s.d.r.c.RepositoryConfigurationDelegate - Bootstrapping Spring Data JPA repositories in DEFAULT mode.
2026-05-14 12:36:11 [INFO] o.s.d.r.c.RepositoryConfigurationDelegate - Finished Spring Data repository scanning in 47 ms. Found 14 JPA repository interfaces.
2026-05-14 12:36:11 [INFO] o.s.b.w.e.tomcat.TomcatWebServer - Tomcat initialized with port 8080 (http)
2026-05-14 12:36:11 [INFO] o.a.catalina.core.StandardService - Starting service [Tomcat]
2026-05-14 12:36:11 [INFO] o.a.catalina.core.StandardEngine - Starting Servlet engine: [Apache Tomcat/10.1.20]
2026-05-14 12:36:11 [INFO] o.a.c.c.C.[Tomcat].[localhost].[/] - Initializing Spring embedded WebApplicationContext
2026-05-14 12:36:11 [INFO] o.s.b.w.s.c.ServletWebServerApplicationContext - Root WebApplicationContext: initialization completed in 676 ms
2026-05-14 12:36:11 [INFO] com.zaxxer.hikari.HikariDataSource - HikariPool-1 - Starting...
2026-05-14 12:36:16 [INFO] com.zaxxer.hikari.pool.HikariPool - HikariPool-1 - Added connection org.postgresql.jdbc.PgConnection@39de9bda
2026-05-14 12:36:16 [INFO] com.zaxxer.hikari.HikariDataSource - HikariPool-1 - Start completed.
2026-05-14 12:36:16 [INFO] o.h.jpa.internal.util.LogHelper - HHH000204: Processing PersistenceUnitInfo [name: default]
2026-05-14 12:36:16 [INFO] org.hibernate.Version - HHH000412: Hibernate ORM core version 6.4.4.Final
2026-05-14 12:36:16 [INFO] o.h.c.i.RegionFactoryInitiator - HHH000026: Second-level cache disabled
2026-05-14 12:36:16 [INFO] o.s.o.j.p.SpringPersistenceUnitInfo - No LoadTimeWeaver setup: ignoring JPA class transformer
2026-05-14 12:36:16 [WARN] org.hibernate.orm.deprecation - HHH90000025: PostgreSQLDialect does not need to be specified explicitly using 'hibernate.dialect' (remove the property setting and it will be selected by default)
2026-05-14 12:36:17 [INFO] o.h.e.t.j.p.i.JtaPlatformInitiator - HHH000489: No JTA platform available (set 'hibernate.transaction.jta.platform' to enable JTA platform integration)
2026-05-14 12:36:17 [INFO] o.s.o.j.LocalContainerEntityManagerFactoryBean - Initialized JPA EntityManagerFactory for persistence unit 'default'
2026-05-14 12:36:17 [INFO] o.s.d.j.r.query.QueryEnhancerFactory - Hibernate is in classpath; If applicable, HQL parser will be used.
2026-05-14 12:36:17 [INFO] o.s.s.web.DefaultSecurityFilterChain - Will secure any request with [org.springframework.security.web.session.DisableEncodeUrlFilter@7952348f, org.springframework.security.web.context.request.async.WebAsyncManagerIntegrationFilter@4f3d49e4, org.springframework.security.web.context.SecurityContextHolderFilter@7db72209, org.springframework.security.web.header.HeaderWriterFilter@71e839ee, org.springframework.web.filter.CorsFilter@7d26b390, org.springframework.security.web.authentication.logout.LogoutFilter@605790e5, com.retailmind.security.JwtAuthenticationFilter@7304ca87, org.springframework.security.web.savedrequest.RequestCacheAwareFilter@39bbe17c, org.springframework.security.web.servletapi.SecurityContextHolderAwareRequestFilter@3760f3e8, org.springframework.security.web.authentication.AnonymousAuthenticationFilter@6ff5eeed, org.springframework.security.web.session.SessionManagementFilter@b0e903a, org.springframework.security.web.access.ExceptionTranslationFilter@2026af0, org.springframework.security.web.access.intercept.AuthorizationFilter@2102eb7a]
2026-05-14 12:36:18 [INFO] o.s.b.w.e.tomcat.TomcatWebServer - Tomcat started on port 8080 (http) with context path ''
2026-05-14 12:36:18 [INFO] c.retailmind.RetailmindApplication - Started RetailmindApplication in 7.54 seconds (process running for 7.717)
2026-05-14 12:36:27 [INFO] o.a.c.c.C.[Tomcat].[localhost].[/] - Initializing Spring DispatcherServlet 'dispatcherServlet'
2026-05-14 12:36:27 [INFO] o.s.web.servlet.DispatcherServlet - Initializing Servlet 'dispatcherServlet'
2026-05-14 12:36:27 [INFO] o.s.web.servlet.DispatcherServlet - Completed initialization in 1 ms
2026-05-14 12:36:32 [INFO] com.zaxxer.hikari.HikariDataSource - HikariPool-2 - Starting...
2026-05-14 12:36:32 [INFO] c.c.c.http.ApacheHttpConnectionImpl - Connection TTL: 0 ms
2026-05-14 12:36:32 [INFO] c.c.c.http.ApacheHttpConnectionImpl - Connection reuse strategy: LIFO
2026-05-14 12:36:32 [INFO] com.zaxxer.hikari.pool.HikariPool - HikariPool-2 - Added connection com.clickhouse.jdbc.internal.ClickHouseConnectionImpl@ba96c2
2026-05-14 12:36:32 [INFO] com.zaxxer.hikari.HikariDataSource - HikariPool-2 - Start completed.
2026-05-14 12:36:32 [INFO] c.c.c.http.ApacheHttpConnectionImpl - Connection TTL: 0 ms
2026-05-14 12:36:32 [INFO] c.c.c.http.ApacheHttpConnectionImpl - Connection reuse strategy: LIFO
2026-05-14 12:36:32 [INFO] c.c.c.http.ApacheHttpConnectionImpl - Connection TTL: 0 ms
2026-05-14 12:36:32 [INFO] c.c.c.http.ApacheHttpConnectionImpl - Connection reuse strategy: LIFO
2026-05-14 12:36:32 [INFO] c.c.c.http.ApacheHttpConnectionImpl - Connection TTL: 0 ms
2026-05-14 12:36:32 [INFO] c.c.c.http.ApacheHttpConnectionImpl - Connection reuse strategy: LIFO
2026-05-14 12:36:32 [INFO] c.c.c.http.ApacheHttpConnectionImpl - Connection TTL: 0 ms
2026-05-14 12:36:32 [INFO] c.c.c.http.ApacheHttpConnectionImpl - Connection reuse strategy: LIFO
2026-05-14 12:36:32 [INFO] c.c.c.http.ApacheHttpConnectionImpl - Connection TTL: 0 ms
2026-05-14 12:36:32 [INFO] c.c.c.http.ApacheHttpConnectionImpl - Connection reuse strategy: LIFO
2026-05-14 12:36:32 [INFO] c.c.c.http.ApacheHttpConnectionImpl - Connection TTL: 0 ms
2026-05-14 12:36:32 [INFO] c.c.c.http.ApacheHttpConnectionImpl - Connection reuse strategy: LIFO
2026-05-14 12:36:32 [INFO] c.c.c.http.ApacheHttpConnectionImpl - Connection TTL: 0 ms
2026-05-14 12:36:32 [INFO] c.c.c.http.ApacheHttpConnectionImpl - Connection reuse strategy: LIFO
2026-05-14 12:36:32 [INFO] c.c.c.http.ApacheHttpConnectionImpl - Connection TTL: 0 ms
2026-05-14 12:36:32 [INFO] c.c.c.http.ApacheHttpConnectionImpl - Connection reuse strategy: LIFO
2026-05-14 12:36:32 [INFO] c.c.c.http.ApacheHttpConnectionImpl - Connection TTL: 0 ms
2026-05-14 12:36:32 [INFO] c.c.c.http.ApacheHttpConnectionImpl - Connection reuse strategy: LIFO
2026-05-14 13:05:49 [INFO] c.c.c.http.ApacheHttpConnectionImpl - Connection TTL: 0 ms
2026-05-14 13:05:49 [INFO] c.c.c.http.ApacheHttpConnectionImpl - Connection reuse strategy: LIFO
2026-05-14 13:05:56 [INFO] c.c.c.http.ApacheHttpConnectionImpl - Connection TTL: 0 ms
2026-05-14 13:05:56 [INFO] c.c.c.http.ApacheHttpConnectionImpl - Connection reuse strategy: LIFO
2026-05-14 13:06:04 [INFO] c.c.c.http.ApacheHttpConnectionImpl - Connection TTL: 0 ms
2026-05-14 13:06:04 [INFO] c.c.c.http.ApacheHttpConnectionImpl - Connection reuse strategy: LIFO
2026-05-14 13:06:10 [INFO] c.c.c.http.ApacheHttpConnectionImpl - Connection TTL: 0 ms
2026-05-14 13:06:10 [INFO] c.c.c.http.ApacheHttpConnectionImpl - Connection reuse strategy: LIFO
2026-05-14 13:06:16 [INFO] c.c.c.http.ApacheHttpConnectionImpl - Connection TTL: 0 ms
2026-05-14 13:06:16 [INFO] c.c.c.http.ApacheHttpConnectionImpl - Connection reuse strategy: LIFO
2026-05-14 13:06:18 [INFO] c.c.c.http.ApacheHttpConnectionImpl - Connection TTL: 0 ms
2026-05-14 13:06:18 [INFO] c.c.c.http.ApacheHttpConnectionImpl - Connection reuse strategy: LIFO
2026-05-14 13:06:21 [INFO] c.c.c.http.ApacheHttpConnectionImpl - Connection TTL: 0 ms
2026-05-14 13:06:21 [INFO] c.c.c.http.ApacheHttpConnectionImpl - Connection reuse strategy: LIFO
2026-05-14 13:06:22 [INFO] c.c.c.http.ApacheHttpConnectionImpl - Connection TTL: 0 ms
2026-05-14 13:06:22 [INFO] c.c.c.http.ApacheHttpConnectionImpl - Connection reuse strategy: LIFO
2026-05-14 13:06:22 [INFO] c.c.c.http.ApacheHttpConnectionImpl - Connection TTL: 0 ms
2026-05-14 13:06:22 [INFO] c.c.c.http.ApacheHttpConnectionImpl - Connection reuse strategy: LIFO
2026-05-14 13:06:27 [INFO] c.c.c.http.ApacheHttpConnectionImpl - Connection TTL: 0 ms
2026-05-14 13:06:27 [INFO] c.c.c.http.ApacheHttpConnectionImpl - Connection reuse strategy: LIFO
2026-05-14 13:15:09 [INFO] o.s.o.j.LocalContainerEntityManagerFactoryBean - Closing JPA EntityManagerFactory for persistence unit 'default'
2026-05-14 13:15:09 [INFO] com.zaxxer.hikari.HikariDataSource - HikariPool-1 - Shutdown initiated...
2026-05-14 13:15:09 [INFO] com.zaxxer.hikari.HikariDataSource - HikariPool-1 - Shutdown completed.
2026-05-14 19:45:29 [INFO] c.retailmind.RetailmindApplication - Starting RetailmindApplication using Java 25.0.3 with PID 40300 (C:\Users\ASUS\Documents\UTEQ\6 SEMESTRE\Construccion de software\1M6DatosCS\retailmind-backend\target\classes started by ASUS in C:\Users\ASUS\Documents\UTEQ\6 SEMESTRE\Construccion de software\1M6DatosCS\retailmind-backend)
2026-05-14 19:45:29 [INFO] c.retailmind.RetailmindApplication - No active profile set, falling back to 1 default profile: "default"
2026-05-14 19:45:29 [INFO] o.s.d.r.c.RepositoryConfigurationDelegate - Bootstrapping Spring Data JPA repositories in DEFAULT mode.
2026-05-14 19:45:29 [INFO] o.s.d.r.c.RepositoryConfigurationDelegate - Finished Spring Data repository scanning in 58 ms. Found 14 JPA repository interfaces.
2026-05-14 19:45:29 [INFO] o.s.b.w.e.tomcat.TomcatWebServer - Tomcat initialized with port 8080 (http)
2026-05-14 19:45:29 [INFO] o.a.catalina.core.StandardService - Starting service [Tomcat]
2026-05-14 19:45:29 [INFO] o.a.catalina.core.StandardEngine - Starting Servlet engine: [Apache Tomcat/10.1.20]
2026-05-14 19:45:29 [INFO] o.a.c.c.C.[Tomcat].[localhost].[/] - Initializing Spring embedded WebApplicationContext
2026-05-14 19:45:29 [INFO] o.s.b.w.s.c.ServletWebServerApplicationContext - Root WebApplicationContext: initialization completed in 925 ms
2026-05-14 19:45:30 [INFO] com.zaxxer.hikari.HikariDataSource - HikariPool-1 - Starting...
2026-05-14 19:45:35 [INFO] com.zaxxer.hikari.pool.HikariPool - HikariPool-1 - Added connection org.postgresql.jdbc.PgConnection@17229821
2026-05-14 19:45:35 [INFO] com.zaxxer.hikari.HikariDataSource - HikariPool-1 - Start completed.
2026-05-14 19:45:35 [INFO] o.h.jpa.internal.util.LogHelper - HHH000204: Processing PersistenceUnitInfo [name: default]
2026-05-14 19:45:35 [INFO] org.hibernate.Version - HHH000412: Hibernate ORM core version 6.4.4.Final
2026-05-14 19:45:35 [INFO] o.h.c.i.RegionFactoryInitiator - HHH000026: Second-level cache disabled
2026-05-14 19:45:35 [INFO] o.s.o.j.p.SpringPersistenceUnitInfo - No LoadTimeWeaver setup: ignoring JPA class transformer
2026-05-14 19:45:35 [WARN] org.hibernate.orm.deprecation - HHH90000025: PostgreSQLDialect does not need to be specified explicitly using 'hibernate.dialect' (remove the property setting and it will be selected by default)
2026-05-14 19:45:36 [INFO] o.h.e.t.j.p.i.JtaPlatformInitiator - HHH000489: No JTA platform available (set 'hibernate.transaction.jta.platform' to enable JTA platform integration)
2026-05-14 19:45:36 [INFO] o.s.o.j.LocalContainerEntityManagerFactoryBean - Initialized JPA EntityManagerFactory for persistence unit 'default'
2026-05-14 19:45:36 [INFO] o.s.d.j.r.query.QueryEnhancerFactory - Hibernate is in classpath; If applicable, HQL parser will be used.
2026-05-14 19:45:36 [INFO] o.s.s.web.DefaultSecurityFilterChain - Will secure any request with [org.springframework.security.web.session.DisableEncodeUrlFilter@4f3d49e4, org.springframework.security.web.context.request.async.WebAsyncManagerIntegrationFilter@7d26b390, org.springframework.security.web.context.SecurityContextHolderFilter@2c7e2c5, org.springframework.security.web.header.HeaderWriterFilter@36a65069, org.springframework.web.filter.CorsFilter@6ff5eeed, org.springframework.security.web.authentication.logout.LogoutFilter@c7ec499, com.retailmind.security.JwtAuthenticationFilter@22c4354d, org.springframework.security.web.savedrequest.RequestCacheAwareFilter@3760f3e8, org.springframework.security.web.servletapi.SecurityContextHolderAwareRequestFilter@73032867, org.springframework.security.web.authentication.AnonymousAuthenticationFilter@76b49d0, org.springframework.security.web.session.SessionManagementFilter@2ca2fcb5, org.springframework.security.web.access.ExceptionTranslationFilter@31c9bb2f, org.springframework.security.web.access.intercept.AuthorizationFilter@4ebf82d9]
2026-05-14 19:45:37 [INFO] o.s.b.w.e.tomcat.TomcatWebServer - Tomcat started on port 8080 (http) with context path ''
2026-05-14 19:45:37 [INFO] c.retailmind.RetailmindApplication - Started RetailmindApplication in 8.335 seconds (process running for 8.549)
2026-05-14 19:46:04 [INFO] o.a.c.c.C.[Tomcat].[localhost].[/] - Initializing Spring DispatcherServlet 'dispatcherServlet'
2026-05-14 19:46:04 [INFO] o.s.web.servlet.DispatcherServlet - Initializing Servlet 'dispatcherServlet'
2026-05-14 19:46:04 [INFO] o.s.web.servlet.DispatcherServlet - Completed initialization in 0 ms
2026-05-14 19:46:04 [INFO] com.zaxxer.hikari.HikariDataSource - HikariPool-2 - Starting...
2026-05-14 19:46:04 [INFO] c.c.c.http.ApacheHttpConnectionImpl - Connection TTL: 0 ms
2026-05-14 19:46:04 [INFO] c.c.c.http.ApacheHttpConnectionImpl - Connection reuse strategy: LIFO
2026-05-14 19:46:04 [INFO] com.zaxxer.hikari.pool.HikariPool - HikariPool-2 - Added connection com.clickhouse.jdbc.internal.ClickHouseConnectionImpl@3b3d501c
2026-05-14 19:46:04 [INFO] com.zaxxer.hikari.HikariDataSource - HikariPool-2 - Start completed.
2026-05-14 19:46:04 [INFO] c.c.c.http.ApacheHttpConnectionImpl - Connection TTL: 0 ms
2026-05-14 19:46:04 [INFO] c.c.c.http.ApacheHttpConnectionImpl - Connection reuse strategy: LIFO
2026-05-14 19:46:04 [INFO] c.c.c.http.ApacheHttpConnectionImpl - Connection TTL: 0 ms
2026-05-14 19:46:04 [INFO] c.c.c.http.ApacheHttpConnectionImpl - Connection reuse strategy: LIFO
2026-05-14 19:46:04 [INFO] c.c.c.http.ApacheHttpConnectionImpl - Connection TTL: 0 ms
2026-05-14 19:46:04 [INFO] c.c.c.http.ApacheHttpConnectionImpl - Connection reuse strategy: LIFO
2026-05-14 19:46:05 [INFO] c.c.c.http.ApacheHttpConnectionImpl - Connection TTL: 0 ms
2026-05-14 19:46:05 [INFO] c.c.c.http.ApacheHttpConnectionImpl - Connection reuse strategy: LIFO
2026-05-14 19:46:05 [INFO] c.c.c.http.ApacheHttpConnectionImpl - Connection TTL: 0 ms
2026-05-14 19:46:05 [INFO] c.c.c.http.ApacheHttpConnectionImpl - Connection reuse strategy: LIFO
2026-05-14 19:46:05 [INFO] c.c.c.http.ApacheHttpConnectionImpl - Connection TTL: 0 ms
2026-05-14 19:46:05 [INFO] c.c.c.http.ApacheHttpConnectionImpl - Connection reuse strategy: LIFO
2026-05-14 19:46:05 [INFO] c.c.c.http.ApacheHttpConnectionImpl - Connection TTL: 0 ms
2026-05-14 19:46:05 [INFO] c.c.c.http.ApacheHttpConnectionImpl - Connection reuse strategy: LIFO
2026-05-14 19:46:05 [INFO] c.c.c.http.ApacheHttpConnectionImpl - Connection TTL: 0 ms
2026-05-14 19:46:05 [INFO] c.c.c.http.ApacheHttpConnectionImpl - Connection reuse strategy: LIFO
2026-05-14 19:46:05 [INFO] c.c.c.http.ApacheHttpConnectionImpl - Connection TTL: 0 ms
2026-05-14 19:46:05 [INFO] c.c.c.http.ApacheHttpConnectionImpl - Connection reuse strategy: LIFO
2026-05-14 19:57:01 [INFO] o.s.o.j.LocalContainerEntityManagerFactoryBean - Closing JPA EntityManagerFactory for persistence unit 'default'
2026-05-14 19:57:01 [INFO] com.zaxxer.hikari.HikariDataSource - HikariPool-1 - Shutdown initiated...
2026-05-14 19:57:01 [INFO] com.zaxxer.hikari.HikariDataSource - HikariPool-1 - Shutdown completed.
